version,ultima_actualizacion,tipo_frase,nombre_tipo,codigo_escenario,escenario,retener_isr,es_agente_retenedor,es_pequeno_contribuyente,es_regimen_electronico,es_agropecuario,incluye_iva,contiene_resolucion,contiene_fecha_resolucion,texto_a_colocar
0.6.0,25/03/2025 14:30:00,1,Frase de retención del ISR,1,Afiliado al ISR Régimen Sobre las Utilidades de Actividades Lucrativas.,false,,,,,,false,false,Sujeto a pagos trimestrales ISR
0.6.0,25/03/2025 14:30:00,1,Frase de retención del ISR,2,Afiliado al ISR Régimen Opcional Simplificado Sobre Ingresos de Actividades Lucrativas (y NO cuenta con una Resolución de la SAT que le permitiría hacer el pago directo y le evitaría ser objeto de retención),true,,,,,,false,false,Sujeto a retención definitiva ISR
0.6.0,25/03/2025 14:30:00,1,Frase de retención del ISR,3,Afiliado al ISR Régimen Opcional Simplificado Sobre Ingresos de Actividades Lucrativas (y SÍ cuenta con una Resolución de la SAT que le permite hacer el pago directo y le evita ser objeto de retención),false,,,,,,true,true,Sujeto a pago directo ISR 
0.6.0,25/03/2025 14:30:00,1,Frase de retención del ISR,4,Exento del ISR,false,,,,,,false,false,Exento del ISR 
0.6.0,25/03/2025 14:30:00,2,Frases de Agente de retención del IVA,1,Es Agente de Retención del IVA,,true,,,,,false,false,Agente de Retención del IVA
0.6.0,25/03/2025 14:30:00,3,Frase de no genera derecho a crédito fiscal del IVA,1,"El contribuyente está afiliado al IVA,  en cualquiera de estos regimenes: Pequeño contribuyente, Contribuyente Agropeguario, Pequeño contribuyente Régimen Electrónico, Contribuyente Agropecuario Régimen Electrónico Especial",,,true,,,,false,false,No genera derecho a crédito fiscal
0.6.0,25/03/2025 14:30:00,4,Frase de exento o no afecto al IVA,1,Exportaciones. Cuando el vendedor exporta bienes o servicios.,,,,,,false,false,false,Exportaciones. Exenta del IVA (art. 7 núm. 2 Ley del IVA)
0.6.0,25/03/2025 14:30:00,4,Frase de exento o no afecto al IVA,2,Servicios que presten las instituciones fiscalizadas por la Superintendencia de Bancos y las bolsas de valores autorizadas para operar en el país.,,,,,,false,false,false,Servicios que presten las instituciones fiscalizadas por la SIB. Exenta del IVA (art. 7 núm. 4 Ley del IVA)
0.6.0,25/03/2025 14:30:00,4,Frase de exento o no afecto al IVA,3,"Ventas de cooperativas. Cuando una cooperativa le vende bienes o servicios a sus asociados, cooperativas, federaciones, centrales de servicios y confederaciones de cooperativas.",,,,,,false,false,false,Ventas de cooperativas. Exenta del IVA (art. 7 núm. 5 Ley del IVA)
0.6.0,25/03/2025 14:30:00,4,Frase de exento o no afecto al IVA,4,"Donaciones a asociaciones, fundaciones e instituciones, educativas, culturales de asistencia o de servicio social y las religiosas no lucrativas.",,,,,,false,false,false,Aportes y donaciones. Exenta del IVA (art.  7 núm. 9 Ley del IVA)
0.6.0,25/03/2025 14:30:00,4,Frase de exento o no afecto al IVA,5,"Pagos por el derecho de ser miembro y las cuotas periódicas a las asociaciones o instituciones sociales, gremiales, culturales, científicas, educativas y deportivas, así como a los colegios de profesionales y los partidos políticos.",,,,,,false,false,false,Cuotas periódicas a asociaciones o instituciones sociales. Exenta del IVA (art. 7 núm. 10 Ley del IVA)
0.6.0,25/03/2025 14:30:00,4,Frase de exento o no afecto al IVA,6,"Servicios exentos que prestan las asociaciones, fundaciones e instituciones educativas, de asistencia o de servicio social y las religiosas, y otras",,,,,,false,false,false,Servicios exentos. Exenta del IVA (art. 7 núm. 13 Ley del IVA)
0.6.0,25/03/2025 14:30:00,4,Frase de exento o no afecto al IVA,7,"Venta de activos de Bancos o Sociedades Financieras a las que la Superintendencia de Bancos haya aprobado un plan de regulación o en que exista Junta de Exclusión de activos y pasivos, cuando se transfieran a otros Bancos o sociedades financieras, previa autorización de la Junta Monetaria. Esta exención tendrá validez siempre que la operación no sea para eludir responsabilidades civiles, penales, o de otra naturaleza.",,,,,,false,false,false,Venta de activos de Bancos. Exenta del IVA (art. 7 núm. 14 Ley del IVA)
0.6.0,25/03/2025 14:30:00,4,Frase de exento o no afecto al IVA,8,"Servicios exentos centros educativos privados en lo que respecta a la matrícula de inscripción, colegiaturas y derechos de examen, de los cursos que tengan autorizados por la autoridad competente.",,,,,,false,false,false,Cuotas centros educativos. Exenta del IVA (art. 8 núm. 1 Ley del IVA)
0.6.0,25/03/2025 14:30:00,4,Frase de exento o no afecto al IVA,9,Medicamentos. Cuando una compañía farmacéutica le vende medicamentos genéricos o antirretrovirales a determinados pacientes.,,,,,,false,false,false,Medicamentos genéricos o antirretrovirales. Exenta del IVA (art. 7 núm. 15 Ley del IVA)
0.6.0,25/03/2025 14:30:00,4,Frase de exento o no afecto al IVA,10,Vehículos: Cuando se vende un vehículo terrestre del modelo de dos o más años anteriores al del año en curso.,,,,,,false,false,false,Vehículos. Esta factura no incluye IVA (art. 55 Ley del IVA)
0.6.0,25/03/2025 14:30:00,4,Frase de exento o no afecto al IVA,11,"Ventas maquilas. Cuando el vendedor vende bienes o servicios de producción local a empresas calificadas bajo el decreto 29-89. Base legal: artículo 12 bis literal g del decreto 29-89 Ley de Maquila; artículo 11 del Acuerdo Gubernativo 5-2013 Reglamento de la Ley del IVA. Operaciones específicas de maquilas, usuarios de zonas francas y coexportadores. Para los casos de ventas no afectas al IVA que pueden darse entre estos actores. Base legal: artículo 36 bis y 36 ter del Decreto 29-89, Ley de Fomento a la Actividad Exportadora y de Maquila.",,,,,,false,false,false,Operaciones específicas de maquilas. No afecta al IVA (Decreto 29-89 Ley de Maquila)
0.6.0,25/03/2025 14:30:00,4,Frase de exento o no afecto al IVA,12,Ventas zonas francas. Cuando el vendedor vende bienes o servicios de producción local a empresas calificadas bajo el decreto 65-89. Base legal: artículo 22 bis literal e del decreto 29-89 Ley de Zonas Francas. Ventas de zonas francas. Por transferencias de mercancías que se realicen dentro y entre zonas francas. Base legal: artículo 22 literal c del Decreto 65-89 Ley de Zonas Francas,,,,,,false,false,false,Ventas de zonas francas. No afecta al IVA (Decreto 65-89 Ley de Zonas Francas)
0.6.0,25/03/2025 14:30:00,4,Frase de exento o no afecto al IVA,13,"Venta de vivienda: Cuando la vivienda no exceda los límites de medición y valor que contempla la ley del Impuesto al Valor Agregado; así como las segundas y subsiguientes transferencias de dominio de viviendas por cualquier título, que tributen conforme la Ley del Impuesto de Timbres Fiscales.",,,,,,false,false,false,"Venta de vivienda. Exenta del IVA (art. 7 núm. 12,  Ley del IVA)"
0.6.0,25/03/2025 14:30:00,4,Frase de exento o no afecto al IVA,14,"Venta de títulos y acciones. La creación, emisión, circulación y transferencia de títulos de crédito, títulos valores y acciones de cualquier clase, exceptuando la factura cambiaria, cuando la emisión, aceptación o negociación corresponda a actos gravados por la presente ley.",,,,,,false,false,false,Venta de títulos y acciones. Exenta del IVA (art. 7 núm. 6 Ley del IVA)
0.6.0,25/03/2025 14:30:00,4,Frase de exento o no afecto al IVA,15,"Venta al menudeo en mercados. La venta al menudeo de carnes, pescado, mariscos, frutas y verduras frescas, cereales. legumbres y granos básicos a consumidores finales en mercados cantonales y municipales, siempre que tales ventas no excedan de cien quetzales (Q. 100.00) por cada transacción.",,,,,,false,false,false,Venta al menudeo en mercados. Exenta del IVA (art. 7 núm. 11 Ley del IVA)
0.6.0,25/03/2025 14:30:00,4,Frase de exento o no afecto al IVA,16,Ventas y servicios universidades. Las universidades autorizadas para funcionar en el país.,,,,,,false,false,false,Ventas y servicios universidades. Exenta del IVA (art. 8 núm. 2 Ley del IVA)
0.6.0,25/03/2025 14:30:00,4,Frase de exento o no afecto al IVA,17,Ventas Usuarios Zolic. Los usuarios que se instalen y operen dentro de la Zona Libre gozarán de exención al Impuesto al Valor Agregado por los hechos y actos gravados realizados dentro de la Zona Libre.,,,,,,false,false,false,Ventas Zolic. Exenta del IVA (art. 32 literal c Ley Orgánica Zolic)
0.6.0,25/03/2025 14:30:00,4,Frase de exento o no afecto al IVA,18,"Ventas a exentos con resolución específica. Cuando se efectué una venta a contribuyentes que cuentan con resoluciones específicas de exención al IVA, (por ejemplo ventas en aeropuertos).",,,,,,false,false,false,Ventas a exentos con resolución específica. (Contribuyentes con resoluciones específicas de exención al IVA)
0.6.0,25/03/2025 14:30:00,4,Frase de exento o no afecto al IVA,19,"Faltante de inventario de bienes perecederos, casos fortuitos, de fuerza mayor o delitos. Cuando se facture faltante de inventario que no corresponden al hecho generador del IVA, es decir cuando ocurra por bienes perecederos, casos fortuitos, de fuerza mayor o delitos contra el patrimonio.",,,,,,false,false,false,Exenta del IVA (art. 3 num. 7 Ley del IVA)
0.6.0,25/03/2025 14:30:00,4,Frase de exento o no afecto al IVA,20,Aportes sociedades de emprendimiento.  Cuando una persona individual o jurídica realice aportes a las sociedades de emprendiemiento.,,,,,,false,false,false,Aportes (art. 35 Ley de Fortalecimiento al Emprendimiento)
0.6.0,25/03/2025 14:30:00,4,Frase de exento o no afecto al IVA,21,"Otros cargos, impuestos y/o tasas a otros países, no sujetos a IVA. Cuando se incluyan en el boleto aéreo cargos, o impuestos y/o tasas para otros países, no sujetos a IVA.",,,,,,false,false,false,Cargos e impuestos no sujetos a IVA (Aerolíneas)
0.6.0,25/03/2025 14:30:00,4,Frase de exento o no afecto al IVA,22,Las notas de débito y crédito no deben incluir IVA cuando el documento origen al que hacen referencia tampoco lo incluye.,,,,,,false,false,false,Factura origen no incluye IVA
0.6.0,25/03/2025 14:30:00,4,Frase de exento o no afecto al IVA,23,"La transferencia de dominio de bienes muebles, cuando el emisor del documento efectúe la aportación de bienes muebles a sociedades mercantiles.",,,,,,false,false,false,"Transferencia de dominio de bienes muebles. Exenta del IVA (art. 7, numeral 3, literal c, Ley del IVA)"
0.6.0,25/03/2025 14:30:00,4,Frase de exento o no afecto al IVA,24,"Servicios no afectos, cuando el servicio es prestado fuera del territorio nacional y no se en enmarca en el hecho generador del impuesto establecido en el artículo 3 y las exenciones según los artículos 7 y 8 del Decreto número 27-92 de la Ley del IVA.",,,,,,false,false,false,"Servicios no afectos. No afecto al IVA (Fuera del hecho generador art. 3, 7 y 8, Ley del IVA)"
0.6.0,25/03/2025 14:30:00,4,Frase de exento o no afecto al IVA,25,"Ventas Zolic. Para el cumplimiento de sus fines, la institución gozará de la exención de impuestos, derechos y arbitrios fiscales o municipales, establecidos o que se establezcan.",,,,,,false,false,false,Exenta del IVA (art. 31 Dec. 22-73 Ley Orgánica Zolic)
0.6.0,25/03/2025 14:30:00,4,Frase de exento o no afecto al IVA,26,"Boletos aéreos para beneficiarios del Dec. 31-2022. Está exenta de IVA la compra de boletos aéreos que sean adquiridos exclusivamente para las personas que trabajen fuera del territorio de guatemalteco contratados por empleadores extranjeros con el apoyo del Ministerio de Trabajo y Previsión Social, o por medio de un reclutador debidamente registrado en el Ministerio de Trabajo y Previsión Social.",,,,,,false,false,false,Exenta del IVA (art. 4 Dec. 31-2022 Ley de Fom. del Trab. Temp. en el Extranjero)
0.6.0,25/03/2025 14:30:00,4,Frase de exento o no afecto al IVA,27,"Primera venta vehículo eléctrico, motocicleta eléctrica o impulsado por hidrógeno.",,,,,,false,false,false,Exenta del IVA (art. 7 literal “a” Dec. 40-2022 Ley Inc. Mov. Eléctrica)
0.6.0,25/03/2025 14:30:00,4,Frase de exento o no afecto al IVA,28,"Primera venta vehículo eléctrico, motocicleta eléctrica, vehículo híbrido o impulsado por hidrógeno pesado o especial.",,,,,,false,false,false,Exenta del IVA (art. 7 literal “c” Dec. 40-2022 Ley Inc. Mov. Eléctrica)
0.6.0,25/03/2025 14:30:00,4,Frase de exento o no afecto al IVA,29,"Primera venta teleférico, funicular, tren eléctrico, tren ligero, tranvía o trolebús.",,,,,,false,false,false,Exenta del IVA (art. 7 literal “d” Dec. 40-2022 Ley Inc. Mov. Eléctrica)
0.6.0,25/03/2025 14:30:00,4,Frase de exento o no afecto al IVA,30,"Servicio de transporte público y transporte colectivo a través de vehículo eléctrico, vehículo híbrido, vehículo impulsado por hidrógeno y sistema de transporte eléctrico.",,,,,,false,false,false,Exenta del IVA (art. 7 literal “g” Dec. 40-2022 Ley Inc. Mov. Eléctrica)
0.6.0,25/03/2025 14:30:00,4,Frase de exento o no afecto al IVA,31,"Primera venta de componentes específicos del vehículo eléctrico, motocicleta eléctrica, sistema de transporte eléctrico o vehículo impulsado por hidrógeno, de cargador para vehículo o motocicleta eléctricos.",,,,,,false,false,false,Exenta del IVA (art. 7 literal “h” o “i” Dec. 40-2022 Ley Inc. Mov. Eléctrica)
0.6.0,25/03/2025 14:30:00,4,Frase de exento o no afecto al IVA,32,"Contratos Leasing Dec. 2-2021 por Arrendadadoras relacionados a vehículos eléctricos, vehículo de hidrógeno, sistemas de transporte eléctrico teleférico, funicular, tren eléctrico, tren ligero, tranvía o trolebús, cargador para vehículo eléctrico y de hidrógeno, motor eléctrico para vehículo eléctrico y de hidrógeno, batería para motor eléctrico y de hidrógeno.",,,,,,false,false,false,Exenta del IVA (art. 8 Dec. 40-2022 Ley Inc. Mov. Eléctrica)
0.6.0,25/03/2025 14:30:00,4,Frase de exento o no afecto al IVA,33,"Ingresos no afectos, obtenidos en concepto de cuotas cuyo destino específicamente para cubrir gastos comunes de administración, mantenimiento, reparaciones, de servicios generales y primas de seguros de edificios, efectuados por los condóminos.",,,,,,false,false,false,"No afecto al IVA (Fuera del hecho generador art. 3, Ley del IVA)"
0.6.0,25/03/2025 14:30:00,4,Frase de exento o no afecto al IVA,34,"Bienes para la atención al cáncer. Las compras de medicamentos, tecnologías, equipamiento, insumos y material médico-quirúrgico necesarios para brindar la atención integral a pacientes oncológicos que realice el Ministerio de Salud Pública y Asistencia Social, Instituto Guatemalteco de Seguridad Social y Unidad Nacional de Oncología Pediátrica y otras entidades públicas.",,,,,,false,false,false,Bienes para la atención al cáncer. Exenta del IVA (Art. 41 Ley para la Atención Integral del Cáncer)
0.6.0,25/03/2025 14:30:00,4,Frase de exento o no afecto al IVA,35,"Donaciones para la atención al cáncer. Las donaciones de medicamentos, tecnologías, equipamiento, insumos y material médico-quirúrgico necesarios para brindar la atención integral a pacientes oncológicos para el Ministerio de Salud Pública y Asistencia Social, Instituto Guatemalteco de Seguridad Social y Unidad Nacional de Oncología Pediátrica y otras entidades públicas.",,,,,,false,false,false,Donaciones para la atención al cáncer. Exenta del IVA (Art. 41 Ley para la Atención Integral del Cáncer)
0.6.0,25/03/2025 14:30:00,4,Frase de exento o no afecto al IVA,36,"Venta de productos de régimen primario y pecuario no industrializados, cuyo destino inicial era su exportación y que por causas justificadas no fueron exportados; específicamente el camarón, sal, banano, plátano y melón, que realicen los contribuyentes inscritos en el Régimen General del Impuesto al Valor Agregado a personas que comercializan al menudeo en mercados cantonales, municipales y centros de acopio. Para el efecto deberán emitir la factura correspondiente, sin cargar el Impuesto al Valor Agregado",,,,,,false,false,false,Venta de productos de régimen primario y pecuario no industrializados. Exenta del IVA (art. 7 num. 16 Ley del IVA)
0.6.0,25/03/2025 14:30:00,5,Frase de facturas especiales,1,Se incluirá la frase al DTE de tipo Factura Especial en las compras en las que el contribuyente emisor o prestador del servicio se niegue a emitir la factura correspondiente.,,,false,,,,false,false,El vendedor o prestador del servicio se negó a emitir la factura correspondiente. (art. 52 Ley del IVA)
0.6.0,25/03/2025 14:30:00,5,Frase de facturas especiales,2,"Se incluirá la frase el DTE (FESP) cuando se realicen compras a exportadores  de productos agropecuarios , artesanales y productos reciclados  inscritos en SAT, articulo 52 “A“ ley del IVA",,,false,,,,false,false,"Vendedor de productos agropecuarios, artesanales y productos reciclados"
0.6.0,25/03/2025 14:30:00,6,Frases de contribuyente agropecuario,1,El contribuyente está afiliado al IVA  en el Régimen Especial de Contribuyente Agropeguario y su forma de pago del impuesto es el 5% sobre las ventas brutas.,,,,,true,,false,false,Con forma de pago sobre las ventas brutas
0.6.0,25/03/2025 14:30:00,6,Frases de contribuyente agropecuario,2,El contribuyente está afiliado al IVA en el Régimen Especial de Contribuyente Agropecuario y su forma de pago del impuesto es el 5% sobre las utilidades.,,,,,true,,false,false,"Con forma de pago sobre las utilidades, no retener"
0.6.0,25/03/2025 14:30:00,7,Frases de regímenes electrónicos,1,El contribuyente está afiliado al IVA en el Régimen electrónico de pequeño contribuyente.,,,,true,,,true,false,"No retener, "
0.6.0,25/03/2025 14:30:00,7,Frases de regímenes electrónicos,2,El contribuyente está afiliado al IVA en el Régimen electrónico especial de contribuyente agropeguario.,,,,true,,,true,false,"No retener, "
0.6.0,25/03/2025 14:30:00,8,Frases de Exento de ISR ,1,Exenciones generales universidades. Las universidades legalmente autorizadas para funcionar en el país.,,,,,,,false,false,Exenciones generales universidades. Exenta del ISR (art. 8 núm. 2 Ley de Actualización Tributaria)
0.6.0,25/03/2025 14:30:00,8,Frases de Exento de ISR ,2,"Exenciones generales centros educativos privados. Los centros educativos privados, como centros de cultura, exclusivamente en las rentas derivadas de: matrícula de inscripción, colegiaturas y derechos de examen, por los cursos que tengan autorizados por la autoridad competente.",,,,,,,false,false,Exenciones generales centros educativos privados. Exenta del ISR (art. 8 núm. 3 Ley de Actualización Tributaria)
0.6.0,25/03/2025 14:30:00,8,Frases de Exento de ISR ,3,Exenciones generales iglesias. Exclusivamente por razón de culto.,,,,true,,,false,false,Exenciones generales iglesias. Exenta del ISR (art. 8 núm. 5 Ley de Actualización Tributaria)
0.6.0,25/03/2025 14:30:00,8,Frases de Exento de ISR ,4,"Exenciones Rentas de Actividades Lucrativas entes no lucrativos.  Las rentas que obtengan los entes que destinen exclusivamente a los fines no lucrativos de su creación y en ningún caso distribuyan, directa o indirectamente, utilidades o bienes entre sus integrantes, tales como: los colegios profesionales; los partidos políticos; los comités cívicos; las asociaciones o fundaciones no lucrativas legalmente autorizadas e inscritas como exentas ante la Administración Tributaria, que tengan por objeto la beneficencia, asistencia o el servicio social, actividades culturales, científicas de educación e instrucción, artísticas, literarias, deportivas, políticas, sindicales, gremiales, religiosas, o el desarrollo de comunidades indígenas; únicamente por la parte que provenga de donaciones o cuotas ordinarias o extraordinarias.",,,,,,,false,false,Exenciones Rentas de Actividades Lucrativas entes no lucrativos.  Exenta del ISR (art. 11 núm. 1 Ley de Actualización Tributaria)
0.6.0,25/03/2025 14:30:00,8,Frases de Exento de ISR ,5,"Exenciones Rentas de Actividades Lucrativas cooperativas.  Las rentas de las cooperativas legalmente constituidas en el país, provenientes de las transacciones con sus asociados y con otras cooperativas, federaciones y confederaciones de cooperativas.",,,,,,,false,false,Exenciones Rentas de Actividades Lucrativas cooperativas.  Exenta del ISR (art. 11 núm. 2 Ley de Actualización Tributaria)
0.6.0,25/03/2025 14:30:00,8,Frases de Exento de ISR ,6,"Exenta ISR Zolic. Para el cumplimiento de sus fines, la institución gozará de la exención de impuestos, derechos y arbitrios fiscales o municipales,  establecidos o que se establezcan",,,,,,,false,false,Exenta del ISR (art. 31 Ley Orgánica Zolic)
0.6.0,25/03/2025 14:30:00,8,Frases de Exento de ISR ,7,Exenta ISR Usuarios Zolic. Los usuarios que se instalen y operen dentro de la Zona Libre gozarán de exención del ISR por 10 años a partir de la fecha en que la empresa inicie sus operaciones dentro de la  Zona Libre.,,,,,,,false,false,"Exenta del ISR (art. 32 litar a, Ley Orgánica Zolic)"
0.6.0,25/03/2025 14:30:00,8,Frases de Exento de ISR ,8,"Exenciones generales entidades del Estado. Los organismos del Estado y sus entidades descentralizadas, autónomas, las municipalidades y sus empresas.",,,,,,,false,false,Exenta del ISR (art. 8 núm. 1 Ley de Actualización Tributaria)
0.6.0,25/03/2025 14:30:00,8,Frases de Exento de ISR ,9,"Exención por servicio de carga eléctrica a otros tipos de vehículos y transporte. Servicio de carga para vehículos eléctricos, hidrógeno y sistema de ransporte eléctrico.",,,,,,,false,false,"Exenta del ISR (Art. 4, literal b), numeral ii, Dec. 40-2022, Ley Inc. Mov. Eléctrica)"
0.6.0,25/03/2025 14:30:00,8,Frases de Exento de ISR ,10,"Exención por servicios de ensamblaje y/o producción a otros vehículos y transporte. Renta generada por ensamblaje y/o producción de vehículos hibridos, motocicleta eléctrica, vehículo impulsado por hidrógeno y sistema de transporte eléctrico.",,,,,,,false,false,"Exenta del ISR (Art. 7, literal f, Dec. 40-2022, Ley Inc. Mov. Eléctrica)"
0.6.0,25/03/2025 14:30:00,8,Frases de Exento de ISR ,11,"Exención a servicios de transporte público y colectivo. Prestación de servicios de transporte público y transporte colectivo a través de vehículos eléctricos, híbridos, impulsados por hidrógeno y sistema de transporte eléctrico.",,,,,,,false,false,"Exenta del ISR (Art. 7, literal g, Dec. 40-2022, Ley Inc. Mov. Eléctrica)"
0.6.0,25/03/2025 14:30:00,8,Frases de Exento de ISR ,12,"Rentas no afectas, obtenidos en conceptos de cuotas cuyo destino específicamente para cubrir gastos comunes de administración, mantenimiento, reparaciones, de servicios generales y primas de seguros de edificios, efectuados por los condóminos.",,,,,,,false,false,"No afecta al ISR (Fuera del hecho generador, arto. 10, Ley de Actualización Tributaria)"
0.6.0,25/03/2025 14:30:00,9,Frases Especiales,1,Decreto 17-2022 Las empresas envasadoras de Gas Propano deberán incluir la frase correspondiente al subsidio.,,,,false,,,false,false,Esta factura incluye apoyo social temporal al precio del gas licuado envasado en cilindros portátiles (Dto. 17-2022)
0.6.0,25/03/2025 14:30:00,9,Frases Especiales,2,Decreto 42-2022 Las empresas importadoras de derivados de petroléo al vender Diésel deberán de incluir dicha frase.,,,,false,,,false,false,ESTA FACTURA INCLUYE APOYO SOCIAL TEMPORAL DECRETO 42-2022 POR UN VALOR DE GTQ 
0.6.0,25/03/2025 14:30:00,9,Frases Especiales,3,Decreto 42-2022 Las empresas importadoras de derivados de petroléo al vender Diésel deberán de incluir dicha frase.,,,,false,,,false,false,MONTO TOTAL A PAGAR SIN APOYO SOCIAL GTQ 
0.6.0,25/03/2025 14:30:00,9,Frases Especiales,4,"Impuesto de Salida Vía Aérea, cuando corresponda a personas guatemaltecas que laboren para empleadores en el extranjero con registro de contratos en el Ministerio de Trabajo Exento (art. 4 Ley del Fomento del Trabajo Temporal en el Extranjero y Previsión Social.",,,,false,,,false,false,Exenta Impuesto Salida Vía Aérea (art. 4 Dec. 31-2022 Ley de Fom. del Trab. Temp. en el Extranjero)
0.6.0,25/03/2025 14:30:00,9,Frases Especiales,5,Decreto 45-2022 Las empresas envasadoras de Gas Propano deberán incluir la frase correspondiente al subsidio.,,,,false,,,false,false,Esta factura incluye apoyo social temporal al precio del gas licuado envasado en cilindros portátiles (Dto. 45-2022)
0.6.0,25/03/2025 14:30:00,9,Frases Especiales,6,Decreto 45-2022 Las empresas envasadoras de Gas Propano deberán incluir la frase correspondiente al subsidio.,,,,false,,,false,false,Esta factura incluye apoyo social temporal al precio del gas licuado envasado en cilindros portátiles (Dto. 45-2022 y sus Reformas)
0.6.0,25/03/2025 14:30:00,9,Frases Especiales,7,Decreto 5-2023 Las empresas envasadoras de Gas Propano deberán incluir la frase correspondiente al subsidio.,,,,false,,,false,false,Esta factura incluye apoyo social temporal al precio del gas licuado envasado en cilindros portátiles (Dec. 5-2023)
0.6.0,25/03/2025 14:30:00,9,Frases Especiales,8,DTE (otros documentos): Cuando el contribuyente emite un documento que respalda el traslado de mercancías de un lugar a otro.,,,,false,,,false,false,La emisión de este documento no sustituye una factura.
0.6.0,25/03/2025 14:30:00,9,Frases Especiales,9,DTE (otros documentos): Cuando el contribuyente emite un documento que respalda un pago como anticipo en una operación comercial.,,,,false,,,false,false,Este documento no constituye factura contable ni genera derecho a crédito fiscal del IVA.
0.6.0,25/03/2025 14:30:00,9,Frases Especiales,10,DTE (otros documentos): Cuando el contribuyente emite un documento que respalda un pago como anticipo en una operación comercial.,,,,false,,,false,false,"Concluido el servicio, debe emitirse la factura, conforme la liquidación correspondiente."
0.6.0,25/03/2025 14:30:00,9,Frases Especiales,11,DTE (otros documentos): Cuando el contribuyente emite un documento que respalda una exportación el cual es provisional.,,,,false,,,false,false,La emisión de esta factura provisional no sustituye la emisión de la factura definitiva.
0.6.0,25/03/2025 14:30:00,9,Frases Especiales,12,DTE (otros documentos): Cuando el contribuyente emite un documento que respalda un despacho de combustibles,,,,false,,,false,false,La emisión de este documento no sustituye la emisión de la factura.
0.6.0,25/03/2025 14:30:00,9,Frases Especiales,13,DTE (Factura personal): Cuando el contribuyente solicite factura por compras que no son del giro del negocio.,,,,false,,,false,false,Únicamente para gastos personales y planilla del IVA de asalariados.
0.6.0,25/03/2025 14:30:00,9,Frases Especiales,14,"Venta de bienes o servicios en establecimiento con ubicación temporal, Acuerdo Gubernativo 5-2013, Reglamento de la Ley del Impuesto al Valor Agregado Art 30: También podrá autorizar el uso de facturas para establecimientos temporales",,,,false,,,false,false,Facturación en ubicación temporal (art. 30 Reglamento Ley del IVA)
0.6.0,25/03/2025 14:30:00,9,Frases Especiales,15,"Venta de vehículos modelo reciente (año actual, anterior o siguiente) art. 55 ley del IVA (afecto al IVA)",,,,false,,,false,false,"Venta de vehículos del año en curso, anterior o siguiente"
0.6.0,25/03/2025 14:30:00,9,Frases Especiales,16,"Se incluirá la frase el DTE (nota de abono) NABN cuando se realicen compras a exportadores de productos agropecuarios , artesanales y productos reciclados NO inscritos en SAT, articulo 52 “A“ ley del IVA",,,,false,,,false,false,"Vendedor intermediario de productos agropecuarios, artesanales y productos reciclados"
0.6.0,25/03/2025 14:30:00,9,Frases Especiales,17,"Se incluira la frase al DTE (nota de abono) para rebajar inventario cuando el plazo para emitir NC o ND este fuera de tiempo, articulo 31 del reglamento del IVA 5-2013",,,,false,,,false,false,Documento de rebaja de inventarios
0.6.0,25/03/2025 14:30:00,9,Frases Especiales,18,Decreto 11-2026 Las empresas importadoras de derivados de petróleo al vender Diésel deberán incluir dicha frase. Observación dicha frase es obligatoria para los importadores de combustibles cuando utilicen el código de producto del apoyo social y para las distribuidoras (Gasolineras) cuando vendan el referido producto.,,,,false,,,false,false,Monto total a pagar sin apoyo social temporal GTQ 
0.6.0,25/03/2025 14:30:00,9,Frases Especiales,19,"Decreto 11-2026 Las empresas importadoras de derivados de petróleo al vender Diésel, Superior y Regular deberán de incluir dicha frase. Observación dicha frase es obligatoria para los importadores de combustibles cuando utilicen el código de producto del apoyo social y para las distribuidoras (Gasolineras) cuando vendan estos tres productos.",,,,false,,,false,false,Esta factura incluye apoyo social temporal Decreto Número 11-2026 por un valor de GTQ 
0.6.0,25/03/2025 14:30:00,9,Frases Especiales,20,DTE (Nota de envío para Régimen Primario y Pecuario): Cuando el contribuyente emite un documento que respalda el traslado de mercancías de un lugar a otro.,,,,false,,,false,false,"Concluido el traslado de productos, debe emitirse la factura correspondiente"
0.6.0,25/03/2025 14:30:00,9,Frases Especiales,21,Etanol: El 90% de la mezcla de gasolina incluida en este documento está afecta al IDP (A. G. No. 257- 2025),,,,false,,,false,false,La gasolina incluida en este documento está afecta al IDP en un 90% (Acuerdo Gubernativo No. 257-2025)
0.6.0,25/03/2025 14:30:00,10,Frases de régimen primario,1,El contribuyente está afiliado al Régimen Primario Productos y Comercializador y su forma de pago del impuesto es el 1.5% sobre las ventas brutas.,,,,,,,false,false,Con forma de pago sobre las ventas brutas
0.6.0,25/03/2025 14:30:00,10,Frases de régimen primario,2,El contribuyente está afiliado al Régimen Primario Exportador y su forma de pago del impuesto es el 2% sobre las ventas brutas.,,,,,,,false,false,Con forma de pago sobre ventas brutas de exportaciones
0.6.0,25/03/2025 14:30:00,11,Frases de régimen pecuario,1,El contribuyente está afiliado al Régimen Pecuario y su forma de pago del impuesto es el 1.5% sobre las ventas brutas.,,,,,,,false,false,Con forma de pago sobre las ventas brutas
0.6.0,25/03/2025 14:30:00,11,Frases de régimen pecuario,2,El contribuyente está afiliado al Régimen Pecuario y su forma de pago del impuesto es el 10% sobre las utilidades,,,,,,,false,false,Con forma de pago sobre las utilidades
0.6.0,25/03/2025 14:30:00,11,Frases de régimen pecuario,3,El contribuyente está afiliado al Régimen Pecuario Exportador y su forma de pago del impuesto es el 2% sobre las ventas brutas.,,,,,,,false,false,Con forma de pago sobre ventas brutas de exportaciones
0.6.0,25/03/2025 14:30:00,12,Frases de facturas especificas,1,Se incluirá la frase a los DTE de tipo Factura Especial que emitan los contribuyentes afiliados al Régimen Primario y Pecuario.,,,,,,,false,false,No genera débito fiscal ni crédito fiscal / régimen primario
0.6.0,25/03/2025 14:30:00,12,Frases de facturas especificas,2,Se incluirá la frase a los DTE de tipo Factura Especial que emitan los contribuyentes afiliados al Régimen Primario y Pecuario.,,,,,,,false,false,No genera débito fiscal ni crédito fiscal / régimen pecuario
