version,ultima_actualizacion,codigo,familia,validacion,mensaje
0.3.0,02/12/2024,FEL_ANU001,FEL_ANU,"Si cumple con la validación 3.9.6 numeral 1, deberá de enviar la transacción de anulación con estado “IP” hacia el operador de anulaciones extemporáneas, resguardándolo con estado inactivo pendiente de anular.",Su transacción de anulación se encuentra pendiente de autorización por parte de la Administración Tributaria. La respuesta le estará llegando a su correo electrónico.
0.3.0,02/12/2024,FEL_ANU145,FEL_ANU,"El contenido de la casilla fue incluido dentro del formulario 0611 de la SAT, la cual coincide además en las casillas: NIT Emisor, ID del Receptor, Monto Total, Fecha y Hora de Emisión","Error. El DTE a anular fue incluido en el formulario 0611 de la SAT, por lo cual no se puede anular."
0.3.0,02/12/2024,FEL_ANU147,FEL_ANU,El contenido de la casilla corresponde a un DTE que fue incluido en una gestión de traspaso de vehículo con estado finalizado.,"Error. El DTE está ingresado en una gestión de traspaso de vehículo con estado finalizado, no se permite la anulación."
0.3.0,02/12/2024,FEL_ANU368,FEL_ANU,El contenido de la presente casilla no coincide con ningún DTE registrado en la SAT.,El número de Autorización del Documento a anular no coincide con ningún DTE registrado en la SAT.
0.3.0,02/12/2024,FEL_ANU369,FEL_ANU,El contenido de la presente casilla no coincide con el que aparece registrado en la SAT de acuerdo al valor de la casilla Número de Autorización del Documento a Anular,El NIT del Emisor del documento a anular no coincide con el registrado en la SAT.
0.3.0,02/12/2024,FEL_ANU370,FEL_ANU,La firma electrónica del Emisor no corresponde al NIT del Emisor del documento a anular.,La firma del Emisor es errónea.
0.3.0,02/12/2024,FEL_ANU371,FEL_ANU,El contenido de la presente casilla no coincide con el que aparece registrado en la SAT de acuerdo al valor de la casilla Número de Autorización del Docuento a Anular,El ID del Receptor del documento a anular no coincide con el registrado en la SAT.
0.3.0,02/12/2024,FEL_ANU372,FEL_ANU,El contenido de la presente casilla no coincide con el que aparece registrado en la SAT de acuerdo al valor de la casilla Número de Autorización del Documento a Anular,El NIT del Certificador del documento a anular no coincide con el registrado en la SAT.
0.3.0,02/12/2024,FEL_ANU373,FEL_ANU,La firma electrónica del CERTIFICADOR no corresponde al NIT del Certificador.,La firma del CERTIFICADOR es errónea.
0.3.0,02/12/2024,FEL_ANU374,FEL_ANU,El contenido de la presente casilla no coincide con el que aparece registrado en la SAT de acuerdo al valor de la casilla Número de Autorización del Docuento a Anular,La fecha de emisión del documento a anular no coincide con la registrada en la SAT.
0.3.0,02/12/2024,FEL_ANU375,FEL_ANU,La casilla “Fecha de anulación” excede la fecha de vencimiento de la declaración mensual del IVA del período impositivo al que corresponde el documento a anular (Fecha de Emisión del DTE a Anular).,La fecha de anulación excede el plazo de vencimiento de la declaración mensual del IVA.
0.3.0,02/12/2024,FEL_ANU376,FEL_ANU,La casilla Fecha de anulación” es menor a la Fecha de emisión del DTE a anular que aparece registrado en la SAT de acuerdo al valor de la casilla Número de Autorización del Docuento a Anular.,La fecha de anulación no puede ser inferior a la fecha de emisión del DTE a anular.
0.3.0,02/12/2024,FEL_ANU377,FEL_ANU,El tiempo transcurrido entre la Fecha y hora de certificación y la Fecha y hora de recepción en la SAT excede las 24 horas.,La Fecha y hora de recepción en la SAT es mayor a 24 horas posterior a la Fecha y hora de certificación del documento a anular.
0.3.0,02/12/2024,FEL_ANU378,FEL_ANU,"La Fecha de certificación de la anulación es diferente a la Fecha de anulación (se despercian horas, minutos y segundos)",La Fecha de certificación es diferente a la Fecha de anulación.
0.3.0,02/12/2024,FEL_ANU451,FEL_ANU,"El contenido de la presente casilla, corresponde a un DTE registrado en la SAT, el cual tiene asociado uno o más DTE del tipo “CIVA” o “CAIS” con estado Vigente.","Error. El DTE a anular, tiene asociada alguna Constancia de exención de IVA o de adquisición de insumos y servicios"
0.3.0,02/12/2024,FEL_ANU455,FEL_ANU,"El contenido de la casilla fue incluido dentro de la Planilla del IVA FEL de la SAT, la cual coincide además en las casillas: • NIT Emisor  • ID del Receptor • Monto Total  • Fecha y Hora de Emisión","Error. El DTE a anular fue incluido en la Planilla del IVA FEL de la SAT, por lo cual no se puede anular."
0.3.0,02/12/2024,FEL_ANU456,FEL_ANU,"El contenido de la casilla corresponde a un DTE que tiene asociada una Retención de IVA en el sistema Retenciones Web de la SAT, la cual coincide además en las casillas: • NIT Emisor • ID del Receptor",Error. El DTE a anular tiene una Retención de IVA en el sistema Retenciones Web de SAT.
0.3.0,02/12/2024,FEL_ANU457,FEL_ANU,"El contenido de la casilla corresponde a un DTE que tiene asociada una Retención de ISR en el sistema Retenciones Web de la SAT, la cual coincide además en las casillas: • NIT Emisor • ID del Receptor • Monto Total • Fecha y Hora de Emisión",Error. El DTE a anular tiene una Retención de ISR en el sistema Retenciones Web de SAT.
0.3.0,02/12/2024,FEL_ANU458,FEL_ANU,El contenido de la presente casilla corresponde a un DTE registrado en la SAT con estado “Inactivo” (Anulado).,Error. El DTE a anular se encuentra con estado diferente a vigente.
0.3.0,02/12/2024,FEL_ANU461,FEL_ANU,"El contenido de la casilla contiene asociada una garantía mobiliaria, esto según la información que provee el Registro de Garantías Mobiliarias.","El DTE está ingresado en el Registro de Garantías Mobiliarias, no se permite la anulación."
0.3.0,02/12/2024,FEL_ANU462,FEL_ANU,El contenido de la presente casilla corresponde un DTE registrado en SAT con estado “IP” (Inactivo (anulado) Pendiente de anular),La transacción de anulación ya se encuentra registrada en SAT y pendiente de aprobación.
0.3.0,02/12/2024,FEL_ANU464,FEL_ANU,"El contenido de la casilla fue incluido dentro del LET de la SAT, la cual coincide además en las casillas: • NIT Emisor • ID del Receptor • Monto Total • Fecha y Hora de Emisión","El DTE a anular fue incluido en el LET de SAT, por lo cual es necesario que rectifique el mismo."
0.3.0,02/12/2024,FEL_ASO099,FEL_ASO,"El NIT Certificador no se encontraba acreditado por el NIT Emisor del DTE, en el momento que indica la casilla Fecha y hora de emisión",El Certificador no está acreditado por el Emisor del DTE.
0.3.0,02/12/2024,FEL_AUT001,FEL_AUT,Validacion de la variable de Token exista en el header del mensaje enviado,Error variable token no viene en el header del mensaje
0.3.0,02/12/2024,FEL_AUT002,FEL_AUT,Validacion de Expiracion del token enviado.,"El Token ha expirado, favor de renovarlo"
0.3.0,02/12/2024,FEL_AUT003,FEL_AUT,se valida el usuario y la clave que concuerden con el certificador que envia el dte,Error Usuario / Clave Invalidos
0.3.0,02/12/2024,FEL_GEN100,FEL_GEN,Se valida el esquema y por alguna razon no se puede cargar,Error Genérico Comuníquese con el Administrador del sistema
0.3.0,02/12/2024,FEL_GEN101,FEL_GEN,Se realiza la validacion de que el nodo de certificacion exista dentro del dte enviado,No existe el nodo de certificación dentro del xsd para validaciones del xml
0.3.0,02/12/2024,FEL_GEN102,FEL_GEN,Error en esquema XSD,El XML enviado no cumple con el esquema del XSD
0.3.0,02/12/2024,FEL_GEN103,FEL_GEN,No se encuentra presente el nodo de firma del certificador,Validar que la firma del certificador este correcta
0.3.0,02/12/2024,FEL_GEN104,FEL_GEN,Almacenamiento del detalle de documento,"Error de procesamiento del XML, debe de reenviarlo para ser aceptado por la SAT."
0.3.0,02/12/2024,FEL_GEN105,FEL_GEN,Error en la Validación de documento Emisor y UUID,"Error de procesamiento del XML, debe de reenviarlo para ser aceptado por la SAT."
0.3.0,02/12/2024,FEL_GEN106,FEL_GEN,Documento ya existe para el Emisor y el UUID,"Error de procesamiento del XML, debe de reenviarlo para ser aceptado por la SAT."
0.3.0,02/12/2024,FEL_GEN107,FEL_GEN,Registro de la constancia,"Error de procesamiento del XML, debe de reenviarlo para ser aceptado por la SAT."
0.3.0,02/12/2024,FEL_GEN108,FEL_GEN,Almacenamiento del documento,"Error de procesamiento del XML, debe de reenviarlo para ser aceptado por la SAT."
0.3.0,02/12/2024,FEL_GEN110,FEL_GEN,Ocurrió un error al momento de realizar el registro del documento en el modulo de anulación extemporánea,La anulación extemporánea no fue procesada.
0.3.0,02/12/2024,FEL_INF300,FEL_INF,La casilla Fecha y hora de emisión tiene una antiguedad mayor a tres días con respecto a la casilla Fecha y hora de certificación.,La diferencia entre la fecha de emisión y de certificación excede los cinco días.
0.3.0,02/12/2024,FEL_INF363,FEL_INF,La SAT registrará la “Fecha y hora de recepción en la SAT”. El contenido de dicha casilla es más de 24 horas posterior a la casilla “Fecha y hora de certificación”.,La “Fecha y hora de recepción en la SAT” es más de 24 horas posterior a la “Fecha y hora de certificación” del CERTIFICADOR.
0.3.0,02/12/2024,FEL_INF380,FEL_INF,Se incluye la casilla Tipo Especial y el Tipo de documento es diferente de “FESP,La casilla Tipo Especial sólo puede incluirse en Facturas Especiales
0.3.0,02/12/2024,FEL_INF381,FEL_INF,El contenido de la casilla ID del receptor es igual a CF y el Tipo de documento es FESP,El ID del Receptor no puede ser CF para una factura especial.
0.3.0,02/12/2024,FEL_INF382,FEL_INF,"Se incluye la casilla Tipo Especial con el texto Número de documento de identificación del extranjero”y el contenido de la casilla ID del receptor no cumple con estas condiciones:Tener una longitud entre 3 y 18 caracteres, Puede contener letras de la A a la Z (mayúsculas) y dígitos (0-9), No debe contener espacios",El ID del Receptor no corresponde a un formato del tipo especial Número de documento de identificación del extranjero.
0.3.0,02/12/2024,FEL_INF534,FEL_INF,"a) La fecha de emisión es inferior al 01 de junio de 2019 y el contenido de la casilla es diferente al resultado de aplicar el algoritmo siguiente: Si la sumatoria de las casillas Monto Gravable es menor o igual a 30, 000 entonces esta casilla ISR a retener es igual a la sumatoria de las casillas Monto Gravable por 5%. Si la sumatoria de las casillas Monto Gravable es mayor a 30, 000. Entonces esta casilla ISR a retener es igual a 1, 500 más ((la sumatoria de las casillas Monto Gravable menos 30, 000) por 7%). b) La fecha de emisión es superior o igual al 01 de junio de 2019 y el contenido de la casilla es diferente al 5% de la sumatoria de las casillas Monto Gravable.",El valor de la casilla ISR a Retener es erróneo.
0.3.0,02/12/2024,FEL_RCP000,FEL_RCP,"Regla que certifica la Factura Enviada, Aplica cuando se realizaron todas las validaciones de rechazo y todas pasaron exitosamente",Se Devuelve un FaceId
0.3.0,02/12/2024,FEL_RCP10,FEL_RCP,"El Tipo de DTE enviado es diferente de FACT, FCAM, FPEQ, FCAP, NCRE, NDEB, CIVA, CAIS y se incluye el complemento al item.",Error. El tipo de DTE no puede incluir complemento al item.
0.3.0,02/12/2024,FEL_RCP106,FEL_RCP,"Se envía un código de producto y el tipo de DTE es diferente de FACT, FCAM, NCRE, NDEB.",Error. El código de producto no debe estar presente para el tipo de DTE enviado.
0.3.0,02/12/2024,FEL_RCP107,FEL_RCP,"Se envía el código de producto GALDIESEL, GALSUPER y GALREGULAR y el NIT EMISOR no se encuentra dentro de los autorizados por el Ministerio de Energía y Minas como importadores de Diesel y gasolina.",Error. No se debe de consignar el código de producto.
0.3.0,02/12/2024,FEL_RCP108,FEL_RCP,Se envia el código de producto GALDIESEL y el código de unidad gravable para el impuesto IDP es diferente de 4 o el código de producto GALSUPER y el código de unidad gravable para el impuesto IDP es diferente de 1 o el código de producto GALREGULAR y el código de unidad gravable para el impuesto IDP es diferente de 2. O está presente el código de producto y e código de unidad gravable diferente de 14.,Error. El código de producto no debe estar presente para esta unidad gravable del impuesto IDP.
0.3.0,02/12/2024,FEL_RCP109,FEL_RCP,"El código de producto es GALSUPER, GALREGULAR y GALDIESEL y el tipo de frase 9 y código escenario 18 y 19 no se encuentra presente.",Error. El “Tipo de Frase”: 9 debe estar presente para el DTE que tiene los códigos de productos.
0.3.0,02/12/2024,FEL_RCP111,FEL_RCP,Para todos los DTE el dato consignado en el campo Id extranjero coincide con algún NIT o CUI existente.,Error. El ID Receptor Extranjero no puede ser un NIT o CUI existente.
0.3.0,02/12/2024,FEL_RCP112,FEL_RCP,"El tipo de DTE es diferente de “FACT”, FCAM, FPEQ Y FCAP y el tipo de frase es 9 y el código de escenario es 15, o el tipo de DTE es diferente de NABN y el tipo de Frase es 9 y el código de escenario es 16 o 17, o el DTE es NABN y el tipo de frase es 9 y no se encuentra presente el código de escenario 16 o 17.",Error. El código de escenario no corresponde para el tipo de DTE.
0.3.0,02/12/2024,FEL_RCP116,FEL_RCP,El tipo de DTE es FEPE y su única clasificación registrada en RTU es productor.,Error. El tipo de documento no aplica para la clasificación de productor.
0.3.0,02/12/2024,FEL_RCP118,FEL_RCP,Existe un tipo de origen de despacho que no corresponde para la generación del impuesto IDP.,Error. El tipo de origen no corresponde la generación del impuesto IDP.
0.3.0,02/12/2024,FEL_RCP119,FEL_RCP,"(El CATÁLOGO DE COMPLEMENTOS DISPONIBLES PARA CADA TIPO DE DTE indica que, para el tipo de DTE, un determinado complemento es requerido) y (el citado complemento está vacío)",Un complemento requerido está ausente en el DTE.
0.3.0,02/12/2024,FEL_RCP120,FEL_RCP,"(El CATÁLOGO DE COMPLEMENTOS DISPONIBLES PARA CADA TIPO DE DTE indica que, para el tipo de DTE, un determinado complemento no corresponde) y (el citado complemento está lleno)",Un complemento no corresponde que esté presente en el DTE.
0.3.0,02/12/2024,FEL_RCP121,FEL_RCP,Se incluye la casilla Exportación=’SI’ el tipo de DTE es FPEC y FCPC y la casilla DestinodelaVenta es diferente de =’Exportación en pie’; o no se incluye la casilla Exportación el tipo de DTE es FPEC y FCPC y la casilla DestinodelaVenta es igual a =’Exportación en pie’.,Error. El destino de la venta no es correcto para una exportación.
0.3.0,02/12/2024,FEL_RCP122,FEL_RCP,Existe un tipo de procedencia de despacho que no corresponde para la generación del impuesto IDP.,Error. El tipo de procedencia no corresponde la generación del impuesto IDP.
0.3.0,02/12/2024,FEL_RCP123,FEL_RCP,Existe un tipo de destino de despacho que no corresponde para la generación del impuesto IDP.,Error. El tipo de destino del despacho no corresponde la generación del impuesto IDP.
0.3.0,02/12/2024,FEL_RCP124,FEL_RCP,Se incluye la casilla Exportación=’SI’ el tipo de DTE es FARP y FRCP y la casilla DestinodelaVenta es diferente de =’Exportación’; o no se incluye la casilla Exportación el tipo de DTE es FARP y FRCP y la casilla DestinodelaVenta es igual a =’Exportación’.,Error. El destino de la venta no es correcto para una exportación.
0.3.0,02/12/2024,FEL_RCP125,FEL_RCP,El Tipo de DTE es FEPE y la casilla es diferente de “B”.,Error. El tipo de DTE únicamente puede facturar bienes.
0.3.0,02/12/2024,FEL_RCP126,FEL_RCP,El contenido de la casilla es diferente a la multiplicación de la casilla Gran Total por 1.5%.,Error. El valor de la casilla “ICT a Retener” es erróneo.
0.3.0,02/12/2024,FEL_RCP127,FEL_RCP,Se incluye la casilla “ClasificacionEmisor” la afiliación del contribuyente es PEC y el valor de la casilla es diferente de la característica especial y clasificación que tiene registrada en su RTU es diferente de Intermediario Bovino.,Error. La Clasificación no es correcta según su RTU.
0.3.0,02/12/2024,FEL_RCP128,FEL_RCP,Se incluye la casilla “ClasificacionEmisor” la afiliación del contribuyente es diferente de PEC.,Error. No debe de incluir la casilla.
0.3.0,02/12/2024,FEL_RCP137,FEL_RCP,Existe un tipo de emisor y receptor no corresponde para la generación del impuesto IDP.,Error. El tipo de mismo nit y receptor no corresponde la generación del impuesto IDP.
0.3.0,02/12/2024,FEL_RCP139,FEL_RCP,La clase de bebida es diferente de “Alcoholes” y “Base de Alcohol” y no se consigna contenido en las casillas de detalle de productos.,Error. Las casillas deben contener información.
0.3.0,02/12/2024,FEL_RCP141,FEL_RCP,El contenido de la casilla “Impuesto de bebidas alcohólicas” es diferente del producto (multiplicación) de las casillas: •  Total de envases •  Precio de venta sugerido(Q) •  Porcentaje sobre el monto gravable (de acuerdo al “Código de unidad gravable” que corresponda),Error. Monto del Impuesto Bebidas Alcohólicas calculado incorrectamente.
0.3.0,02/12/2024,FEL_RCP143,FEL_RCP,Se incluye el complemento “Detalle de productos” y el contenido de la casilla “moneda” es diferente a “USD”.,"Error. El tipo de moneda debe ser dólares, para DTE con detalle de productos."
0.3.0,02/12/2024,FEL_RCP179,FEL_RCP,El NIT no está activo en el Registro de Emisores FEL.,El NIT no corresponde a un Emisor Activo del Régimen FEL.
0.3.0,02/12/2024,FEL_RCP203,FEL_RCP,"El contenido de esta casilla es diferente al producto (multiplicación) de las dos casillas siguientes: Tasa específica en Q del “Código de la unidad gravable” por el 100% menos el descuento (cuando aplique) por la “Cantidad de Unidades Gravables” [tasa específica * (100%- descuento%) * cantidad de  unidades gravables], Nota: Para el caso distinto de quetzales, deberá realizar la conversión según el tipo de cambio del Banco de Guatemala sobre la tasa específica.",Error. Monto del Impuesto calculado incorrectamente para Petróleo.
0.3.0,02/12/2024,FEL_RCP204,FEL_RCP,El código de unidad gravable para el IDP es igual a 15 o 16 y no se encuentra presente el tipo de frase 9 Código de escenario 21.,Error. El “Tipo de Frase”: 9 debe estar presente para el DTE.
0.3.0,02/12/2024,FEL_RCP226,FEL_RCP,El contenido de la casilla es diferente del resultado de la siguiente operación: casilla “Precio” menos las casillas “descuento“ y “otros descuentos” y el resultado de ellas dividido entre el factor 1.12; cuando la casilla “Código de la Unidad Gravable” es igual a 1.,Error. Monto Gravable calculado incorrectamente para el IVA.
0.3.0,02/12/2024,FEL_RCP301,FEL_RCP,La casilla Fecha y hora de emisión es posterior al último día del mes de la Fecha y hora de certificación.,La fecha de emisión es posterior al último día del mes de la fecha de certificación.
0.3.0,02/12/2024,FEL_RCP302,FEL_RCP,El NIT no existe en el RTU (sistema electrónico de la SAT que contiene el Registro Tributario Unificado).,El NIT no existe en la SAT.
0.3.0,02/12/2024,FEL_RCP303,FEL_RCP,"El NIT no está afiliado al IVA (la afiliación puede ser en cualquier régimen, incluyendo el de Pequeño Contribuyente o el de exento)",El NIT no está afiliado.
0.3.0,02/12/2024,FEL_RCP304,FEL_RCP,El NIT no tiene estatus activo en el RTU (sistema electrónico de la SAT que contiene el Registro Tributario Unificado).,El NIT no está activo en la SAT.
0.3.0,02/12/2024,FEL_RCP305,FEL_RCP,El establecimiento no existe en los registros de la SAT para ese NIT.,El establecimiento no existe en la SAT.
0.3.0,02/12/2024,FEL_RCP306,FEL_RCP,El establecimiento no aparece activo en la SAT para ese NIT en esa fecha de emisión.,El establecimiento no está activo en la SAT (para la fecha de emision).
0.3.0,02/12/2024,FEL_RCP307,FEL_RCP,Se incluye la casilla Tipo Especial y el contenido de la casilla ID del Receptor no es numérico.,El CUI del Receptor no es numérico.
0.3.0,02/12/2024,FEL_RCP308,FEL_RCP,Se incluye la casilla Tipo Especial y la casilla ID del Receptor contiene un número con dígito verificador inválido,El CUI del Receptor tiene un dígito verificador inválido.
0.3.0,02/12/2024,FEL_RCP309,FEL_RCP,No se incluye la casilla Tipo Especial y el contenido de la casilla ID del Receptor es diferente de CF y no existe en el RTU,El CUI del Receptor tiene un dígito verificador inválido.
0.3.0,02/12/2024,FEL_RCP310,FEL_RCP,Se incluyen las casillas Tipo Especial y Exportación,El tipo especial CUI no debe estar presente para una exportación.
0.3.0,02/12/2024,FEL_RCP311,FEL_RCP,Se incluye la casilla Exportación y el contenido de la casilla ID del Receptor es diferente de CF,El NIT del Receptor debe ser CF para una exportación.
0.3.0,02/12/2024,FEL_RCP312,FEL_RCP,"Se incluye la casilla “Exportación” y el contenido de la casilla “Tipo de DTE” incluye uno de los textos: NABN,RDON,RECI,NCRE,NDEB,FESP",El Tipo de Documento no puede utilizarse para una exportación
0.3.0,02/12/2024,FEL_RCP313,FEL_RCP,El contenido de esta casilla es diferente al resultado de (Casilla “Cantidad”) multiplicado por (casilla “PrecioUnitario”),Precio calculado incorrectamente.
0.3.0,02/12/2024,FEL_RCP314,FEL_RCP,El contenido de esta casilla es mayor que el contenido de la casilla Precio.,El Descuento no debe ser mayor al Precio.
0.3.0,02/12/2024,FEL_RCP315,FEL_RCP,Existe un total del monto de impuesto para un impuesto no permitido para el tipo de DTE,El tipo de DTE no debe incluir el impuesto
0.3.0,02/12/2024,FEL_RCP316,FEL_RCP,"La casilla contiene un Régimen del IVA al cual NO se le permite el Tipo de DTE (casilla “Tipo”) que se pretende emitir, según la matriz “Tipos de DTE por cada afiliación del IVA” (2.5.1).",Error. El Tipo de DTE no aplica para este Régimen del IVA”.
0.3.0,02/12/2024,FEL_RCP317,FEL_RCP,"(El contenido de la casilla es diferente de PEQUEÑO CONTRIBUYENTE) y (el contenido de la casilla Tipo de DTE incluye uno de los textos: FPEQ, FCAP).",El Tipo de Documento no aplica para este Régimen del IVA.
0.3.0,02/12/2024,FEL_RCP318,FEL_RCP,No está presente en el XML un tipo de frase requerido para el Tipo de DTE,El Tipo de Frase debe estar presente para el Tipo de DTE
0.3.0,02/12/2024,FEL_RCP319,FEL_RCP,Está presente en el XML un tipo de frase no requerido para el “Tipo de DTE”.,El Tipo de Frase no debe de estar presente para el Tipo de DTE
0.3.0,02/12/2024,FEL_RCP320,FEL_RCP,"Está presente en el XML un “Tipo de Frase” Requerido u Opcional para el “Tipo de DTE y el “Código de Escenario” para ese “Tipo de Frase” no existe en el catálogo. Si el tipo de DTE incluye la frase tipo 1, 2 o 3, deberá validarse que el tipo de frase y escenario correspondan a la información de las frases permitidas del contribuyente según el Minirtu. **condición pecuario Si el tipo de DTE es FEPE, se incluye la frase tipo 12 escenario 1, la afiliación es pecuario; o Si el tipo de DTE es FEPE, se incluye la frase tipo 12 escenario 2, la afiliación es primario. Si se incluye la casilla de emisiontemporal=si y no se incluye la frase escenario 14; o no se incluye la casilla de emisontemporal=si y se incluye la frase tipo 9 escenario 14.",El código de escenario no existe para el Tipo de Frase: xxx
0.3.0,02/12/2024,FEL_RCP321,FEL_RCP,"Está presente en el XML un Tipo de Frase Requerio u Opcional para el Tipo de DTE, el Código de Escenario para ese Tipo de Frase existe en el catálogo pero no corresponde a la obligación de la afiliación del impuesto registrada para el NIT del emisor.",El código de escenario para el Tipo de Frase xxx no corresponde a la afiliación del NIT del emisor.
0.3.0,02/12/2024,FEL_RCP322,FEL_RCP,"El Tipo de DTE contiene uno de los textos: FACT, FCAM, el NIT del Emisor se encuentra afiliado como Agente de Retención del IVA y el Tipo de Frase Retención del IVA no está presente en el XML.",El Tipo de Frase Retención del IVA debe estar presente para ese NIT Emisor.
0.3.0,02/12/2024,FEL_RCP323,FEL_RCP,"El “Tipo de DTE” contiene uno de los textos: “FACT”, “FCAM”, “FACP” “NDEB”, “NCRE”; se incluye la casilla “Exportación” y el “Tipo de Frase” Exento o no afecto al IVA no está presente en el XML. ",El Tipo de Frase Exento o no Afecto al IVA debe estar presente para una exportación.
0.3.0,02/12/2024,FEL_RCP324,FEL_RCP,"El Tipo de DTE contiene uno de los textos: FACT, FCAM, se incluye la casilla Exportación, la casilla Tipo de Frase Exento o no afecto al IVA está presente en el XML y el Código de Escenario para ese tipo de frase es diferente de: 1.",El Código de Escenario xxx para el Tipo de Frase Exento o no Afecto al IVA no corresponde para una exportación.
0.3.0,02/12/2024,FEL_RCP325,FEL_RCP,"El Tipo de DTE contiene uno de los textos: FACT, FCAM, no se incluye la casilla Exportación, uno o más de los ítems del DTE no incluyen IVA y el Tipo de Frase Exento o no afecto al IVA no está presente en el XML.",El Tipo de Frase Exento o no Afecto al IVA debe estar presente cuando el DTE contiene Items sin IVA.
0.3.0,02/12/2024,FEL_RCP326,FEL_RCP,"El Tipo de DTE contiene uno de los textos: FACT, FCAM, no se incluye la casilla Exportación, uno o más de los ítems del DTE no incluyen IVA, la casilla Tipo de Frase Exento o no afecto al IVA está presente en el XML y el Código de Escenario para ese tipo de frase es diferente de: 1, 2, 3, 7, 9, 10, 11, 12.",El Código de Escenario xxx para el Tipo de Frase Exento o no Afecto no corresponde para el tipo de DTE.
0.3.0,02/12/2024,FEL_RCP327,FEL_RCP,"El Tipo de DTE contiene el texto: RDON, la casilla Tipo de Frase Exento o no afecto al IVA está presente en el XML y el Código de Escenario para ese tipo de frase es diferente de: 4.",El Código de Escenario xxx para el Tipo de Frase Exento o no Afecto no corresponde para el tipo de DTE.
0.3.0,02/12/2024,FEL_RCP328,FEL_RCP,"El Tipo de DTE contiene el texto: RECI, la casilla Tipo de Frase Exento o no afecto al IVA está presente en el XML y el Código de Escenario para ese tipo de frase es diferente de: 2, 5, 6, 8, 16, 20, 24",El Código de Escenario xxx para el Tipo de Frase Exento o no Afecto no corresponde para el tipo de DTE.
0.3.0,02/12/2024,FEL_RCP329,FEL_RCP,La casilla no está presente en el XML.,Monto Gravable debe estar presente para IVA.
0.3.0,02/12/2024,FEL_RCP330,FEL_RCP,El contenido de la casilla no existe en el catálogo.,Error. Código de Unidad Gravable no existe en el catálogo para el IVA.
0.3.0,02/12/2024,FEL_RCP331,FEL_RCP,"El contenido de esta casilla es diferente al producto (multiplicación) de: • Casilla Monto gravable • Porcentaje sobre el monto gravable, correspondiente al Código de la unidad gravable consignado en el XML.",Monto del Impuesto calculado incorrectamente para el IVA
0.3.0,02/12/2024,FEL_RCP332,FEL_RCP,El valor de la casilla “Total de Impuestos” es diferente a la sumatoria de las casillas “Monto del Impuesto”,El total de Impuesto calculado incorrectamente para el IVA
0.3.0,02/12/2024,FEL_RCP333,FEL_RCP,"El contenido de la casilla Tipo de DTE incluye el texto: NCRE, no se incluye la casilla Régimen antiguo y el valor de la casilla Total de Impuestos es mayor que el valor de la casilla Total de Impuestos del documento origen que aparece registrado en la SAT, de acuerdo al valor de la casilla Número de Autorización del Documento Origen.",El total del impuesto IVA no puede ser mayor al del documento origen registrado en la SAT.
0.3.0,02/12/2024,FEL_RCP334,FEL_RCP,El contenido de la casilla no existe en el catálogo de unidades gravables.,Código de Unidad Gravable no existe en el catálogo de Petróleo.
0.3.0,02/12/2024,FEL_RCP335,FEL_RCP,La casilla no está presente en el XML,Cantidad de Unidades Gravables debe existir para Petróleo.
0.3.0,02/12/2024,FEL_RCP336,FEL_RCP,El valor de la casilla “Total de Impuestos” es diferente a la sumatoria de las casillas “Monto del Impuesto”,Total de Impuestos calculado incorrectamente para Petróleo.
0.3.0,02/12/2024,FEL_RCP337,FEL_RCP,"El contenido de la casilla Tipo de DTE incluye el texto: NCRE, no se incluye la casilla Régimen antiguo y el valor de la casilla Total de Impuestos es mayor que el valor de la casilla Total de Impuestos del documento origen que aparece registrado en la SAT, de acuerdo al valor de la casilla Número de Autorización del Documento Origen.",El total del impuesto Petroleo no puede ser mayor al del documento origen registrado en la SAT.
0.3.0,02/12/2024,FEL_RCP338,FEL_RCP,El valor de la casilla “Total de Impuestos” es diferente a la sumatoria de las casillas “Monto del Impuesto”,Total de Impuestos calculado incorrectamente para Turismo Hospedaje.
0.3.0,02/12/2024,FEL_RCP339,FEL_RCP,"El contenido de la casilla Tipo de DTE incluye el texto: NCRE, no se incluye la casilla Régimen antiguo y el valor de la casilla Total de Impuestos es mayor que el valor de la casilla Total de Impuestos del documento origen que aparece registrado en la SAT, de acuerdo al valor de la casilla Número de Autorización del Documento Origen.",El total del impuesto Turismo Hospedaje no puede ser mayor al del documento origen registrado en la SAT.
0.3.0,02/12/2024,FEL_RCP340,FEL_RCP,El valor de la casilla “Total de Impuestos” es diferente a la sumatoria de las casillas “Monto del Impuesto”,Total de Impuestos calculado incorrectamente para Turismo Pasajes.
0.3.0,02/12/2024,FEL_RCP341,FEL_RCP,"El contenido de la casilla Tipo de DTE incluye el texto: NCRE, no se incluye la casilla Régimen antiguo y el valor de la casilla Total de Impuestos es mayor que el valor de la casilla Total de Impuestos del documento origen que aparece registrado en la SAT, de acuerdo al valor de la casilla Número de Autorización del Documento Origen.",El total del impuesto Turismo Pasaje no puede ser mayor al del documento origen registrado en la SAT.
0.3.0,02/12/2024,FEL_RCP342,FEL_RCP,El valor de la casilla “Total de Impuestos” es diferente a la sumatoria de las casillas “Monto del Impuesto”.,Total de Impuestos calculado incorrectamente para Timbre de Prensa.
0.3.0,02/12/2024,FEL_RCP343,FEL_RCP,"El contenido de la casilla Tipo de DTE incluye el texto: NCRE, no se incluye la casilla Régimen antiguo y el valor de la casilla Total de Impuestos es mayor que el valor de la casilla Total de Impuestos del documento origen que aparece registrado en la SAT, de acuerdo al valor de la casilla Número de Autorización del Documento Origen.",El total del Timbre de Prensa no puede ser mayor al del documento origen registrado en la SAT.
0.3.0,02/12/2024,FEL_RCP344,FEL_RCP,El valor de la casilla “Total de Impuestos” es diferente a la sumatoria de las casillas “Monto del Impuesto”.,Total de Impuestos calculado incorrectamente para Bomberos.
0.3.0,02/12/2024,FEL_RCP345,FEL_RCP,"El contenido de la casilla Tipo de DTE incluye el texto: NCRE, no se incluye la casilla Régimen antiguo y el valor de la casilla Total de Impuestos es mayor que el valor de la casilla Total de Impuestos del documento origen que aparece registrado en la SAT, de acuerdo al valor de la casilla Número de Autorización del Documento Origen.",El total del impuesto Bomberos no puede ser mayor al del documento origen registrado en la SAT.
0.3.0,02/12/2024,FEL_RCP346,FEL_RCP,El valor de la casilla “Total de Impuestos” es diferente a la sumatoria de las casillas “Monto del Impuesto”,Total de Impuestos calculado incorrectamente para Tasa Municipal.
0.3.0,02/12/2024,FEL_RCP347,FEL_RCP,"El contenido de la casilla Tipo de DTE incluye el texto: NCRE, no se incluye la casilla Régimen antiguo y el valor de la casilla Total de Impuestos es mayor que el valor de la casilla Total de Impuestos del documento origen que aparece registrado en la SAT, de acuerdo al valor de la casilla Número de Autorización del Documento Origen.",El total de la Tasa Municipal no puede ser mayor a la del documento origen registrado en la SAT.
0.3.0,02/12/2024,FEL_RCP348,FEL_RCP,"El contenido de esta casilla es diferente al resultado de la casilla Precio menos la casilla Descuento más la sumatoria de las casillas MontoImpuesto de los impuestos que sean sumables al DTE (excepto el IVA por estar ya incluido), según se indica en cada caso por impuesto.",Total calculado incorrectamente.
0.3.0,02/12/2024,FEL_RCP349,FEL_RCP,El contenido de esta casilla es diferente a la sumatoria de las casillas Total,Gran Total calculado incorrectamente.
0.3.0,02/12/2024,FEL_RCP350,FEL_RCP,"El contenido de la casilla Tipo de DTE incluye el texto: NCRE, no se incluye la casilla Régimen antiguo y el valor de la casilla Total de Impuestos es mayor que el valor de la casilla Total de Impuestos del documento origen que aparece registrado en la SAT, de acuerdo al valor de la casilla Número de Autorización del Documento Origen.",El Gran Total no puede ser mayor al del documento origen registrado en la SAT.
0.3.0,02/12/2024,FEL_RCP351,FEL_RCP,No se incluye la casilla Régimen antiguo y el contenido de la presente casilla no coincide con ningún DTE registrado en la SAT.,El número de Autorización del Documento Origen no coincide con ningún DTE registrado en la SAT.
0.3.0,02/12/2024,FEL_RCP352,FEL_RCP,"No se incluye la casilla Régimen antiguo, el contenido de la presente casilla coincide con un DTE registrado en la SAT y el valor de la casilla Tipo de DTE del documento origen es diferente de: FACT, FCAM.",El número de Autorización del Documento Origen corresponde a un documento diferente a factura.
0.3.0,02/12/2024,FEL_RCP353,FEL_RCP,"Se incluye la casilla Régimen antiguo, el contenido de la presente casilla coincide con un Número de Resolución de Autorización registrado en la SAT y el valor de la casilla Código Tipo de esa Resolución es diferente de: 1, 2, 7, 8, 9, 30, 32, 37, 38, 53, 57, 60, 62, 63, 66, 67, 68, 69, 72.",El número de Autorización del Documento Origen corresponde a un documento diferente a factura.
0.3.0,02/12/2024,FEL_RCP354,FEL_RCP,"No se incluye la casilla Régimen antiguo, el contenido de la presente casilla coincide con un DTE registrado en la SAT y el valor de la casilla NIT del Emisor no coincide con el que aparece registrado en la SAT para ese mismo documento origen.",El valor de la casilla NIT del Emisor no coincide con el registrado en el Documento Origen.
0.3.0,02/12/2024,FEL_RCP355,FEL_RCP,"No se incluye la casilla Régimen antiguo, el contenido de la presente casilla coincide con un DTE registrado en la SAT y el valor de la casilla ID del Receptor no coincide con el que aparece registrado en la SAT para ese mismo documento origen.",El valor de la casilla ID del Receptor no coincide con el registrado en el Documento Origen.
0.3.0,02/12/2024,FEL_RCP356,FEL_RCP,"No se incluye la casilla Régimen antiguo, el contenido de la presente casilla coincide con un DTE registrado en la SAT y el valor de la casilla NIT del Certificador no coincide con el que aparece registrado en la SAT para ese mismo documento origen.",El valor de la casilla NIT del Certificador no coincide con el registrado en el Documento Origen.
0.3.0,02/12/2024,FEL_RCP357,FEL_RCP,Se incluye la casilla Régimen antiguo y el contenido de la presente casilla no coincide con ningún Número de Resolución de Autorización registrado en la SAT.,El número de Autorización del Documento Origen no existe en la SAT
0.3.0,02/12/2024,FEL_RCP358,FEL_RCP,No se incluye la casilla Régimen antiguo y el contenido de la presente casilla no coincide con la que aparece registrada en la SAT de acuerdo al valor de la casilla Número de Autorización del Documento Origen,La fecha de emisión del documento origen no coincide con la registrada en la SAT.
0.3.0,02/12/2024,FEL_RCP359,FEL_RCP,Se incluye la casilla Régimen antiguo y el contenido de la casilla es diferente a la serie que aparece registrado en la SAT de acuerdo al valor de la casilla Número de Autorización del Documento Origen.,La serie del documento origen no coincide con la registrada en la SAT para esa Resolución de Autorización.
0.3.0,02/12/2024,FEL_RCP360,FEL_RCP,"Se incluye la casilla Régimen antiguo y el contenido de la casilla no se encuentra dentro del rango que aparece registrado en la SAT, de acuerdo al valor de la casilla Número de Autorización del Documento Origen.",El número del documento origen no se encuentra dentro del rango registrado en la SAT para esa Resolución de Autorización.
0.3.0,02/12/2024,FEL_RCP361,FEL_RCP,La firma electrónica avanzada del Emisor no corresponde al DTE,La firma del Emisor es errónea.
0.3.0,02/12/2024,FEL_RCP362,FEL_RCP,El contenido de la casilla no coincide con el NIT del CERTIFICADOR que envió este DTE,El NIT del CERTIFICADOR no coincide con el NIT del usuario.
0.3.0,02/12/2024,FEL_RCP364,FEL_RCP,La firma electrónica avanzada del CERTIFICADOR no corresponde al DTE,La firma del CERTIFICADOR es errónea.
0.3.0,02/12/2024,FEL_RCP365,FEL_RCP,"El contenido de la casilla coincide con UUID enviado anteriormente por el Certificador, dentro del mismo día calendario con respecto a la fecha de certificación.",El número de autorización no puede repetirse.
0.3.0,02/12/2024,FEL_RCP366,FEL_RCP,El contenido de la casilla no coincide con los primeros 8 caracteres de izquierda a derecha del contenido de la casilla Numero de Autorización.,La serie del DTE no corresponde al número de autorización.
0.3.0,02/12/2024,FEL_RCP367,FEL_RCP,"El contenido de la casilla no coincide con el equivalente en números decimales de los caracteres a partir de la posición 9 hasta la posición 16 (excluyendo los guiones -), de izquierda a derecha, del contenido de la casilla Numero de Autorización.",El número del DTE es incorrecto.
0.3.0,02/12/2024,FEL_RCP379,FEL_RCP,El NIT no está activo en el Registro de Emisores FEL.,El NIT no corresponde a un Emisor Activo del Régimen FEL.
0.3.0,02/12/2024,FEL_RCP383,FEL_RCP,"El tipo de documento es “NCRE” o “NDEB” “CIVA”,”CAIS” y la moneda es diferente a la moneda del documento referenciado según la casilla Numero Autorizacion Documento Origen en el complemento Referencias a las notas de crédito o débito incluido.",Error. El documento que desea emitir debe contener la misma moneda del DTE origen.
0.3.0,02/12/2024,FEL_RCP384,FEL_RCP,"El contenido de la casilla es diferente de B y el Tipo de Documento que se está emitiendo es alguno de estos: FACA, FCCA, FAAE o FCAE.",El contribuyente agropecuario únicamente puede facturar bienes.
0.3.0,02/12/2024,FEL_RCP385,FEL_RCP,El tipo de DTE es RDON y no se incluye la casilla personería.,El tipo de DTE RDON debe de incluir la casilla personería.
0.3.0,02/12/2024,FEL_RCP386,FEL_RCP,El tipo de DTE es diferente de RDON e incluye la casilla personeria.,El tipo de DTE no debe incluir la casilla personería.
0.3.0,02/12/2024,FEL_RCP387,FEL_RCP,El tipo de DTE es RDON y La casilla contiene un tipo de personería diferente al de la lista Tipos de DTE por tipo de personería,El Tipo de DTE no aplica para este tipo de personería”.
0.3.0,02/12/2024,FEL_RCP419,FEL_RCP,El valor de la casilla es diferente del resultado de multiplicar el valor de la casilla “BaseImponible” por  el 12%.,MontoCobroIVA calculado incorrectamente según la BaseImponible.
0.3.0,02/12/2024,FEL_RCP420,FEL_RCP,"Se incluye la casilla “Emisión en ubicación temporal” y el contenido de la casilla “Tipo de DTE” es distinto de los tipos permitidos:  FACT, FCAM, FPEQ, FCAP, RANT, NCRE, Y NDEB.",Error. La casilla  de ubicación temporal no debe estar presente para este tipo de documento.
0.3.0,02/12/2024,FEL_RCP422,FEL_RCP,"El tipo de DTE es RECI y la casilla tiene un tipo de personeria diferente al de la lista Tipos de DTE por personeria, y no está dentro de los códigos de establecimientos que permite RECI 2.2.3.1 Clasificación y tipos de establecimiento de personas individuales, que pueden emitir Constancias y recibos.","El Tipo de DTE RECI no aplica para este tipo de personería o código - tipo de establecimiento"""
0.3.0,02/12/2024,FEL_RCP423,FEL_RCP,"El Tipo de DTE es RDON o RECI y la casilla AfiliacionIVA se encuentra vacía y en la casilla Tipo Personería se consigna un valor diferente de 710, 715, 716,718, 719, 720, 721, 723, 724, 725. 726, 727, 728, 729, 730, 731, 732, 733, 734, 735, 736, 737, 738, 739, 740, 2635, 2719, 2744. 
*Está deberá validar la personería con la que cuenta en el MiniRTU. ",Debe de incluir afiliación al IVA para poder emitir el Tipo de DTE RDON o RECI
0.3.0,02/12/2024,FEL_RCP424,FEL_RCP,El valor ingresado debe ser igual al Gran Total este cuando el tipo de aportación sea igual a No Dineraria.,El valor estimado ingresado no puede ser diferente al Gran Total del DTE
0.3.0,02/12/2024,FEL_RCP425,FEL_RCP,"Se incluye el Tipo de Frase 4 Codigo Escenario 24 y el Tipo de DTE es difrente de FACT, FCAM, NCRE, NDEB y RECI. Si el tipo de DTE es RECI y la personeria que consigna es diferente de 1050 PROPIEDAD HORIZONTAL."," El Código de Escenario 24 del Tipo de Frase 4, para los Tipos de DTE XXX no corresponde."
0.3.0,02/12/2024,FEL_RCP426,FEL_RCP,El tipo de documento ingresado no corresponde a uno permitido.,Error. El Id del Transportista ingresado no corresponde a los permitidos en el catálogo.
0.3.0,02/12/2024,FEL_RCP427,FEL_RCP,"El tipo de documento es igual a NIT y el valor ingresado no corresponde a un NIT valido con estado activo y existente en RTU. 
El tipo de documento es igual a CUI y el valor ingresado no corresponde a un CUI valido según el servicio ValidaRenap.",Error. El Id del Transportista ingresado no existe o no está activo en los registros de la SAT.
0.3.0,02/12/2024,FEL_RCP428,FEL_RCP,El tipo de documento es igual a CUI y el valor ingresado corresponde a un CUI con estado de fallecido.,Error. El Id del Transportista tipo CUI corresponde a una persona fallecida.
0.3.0,02/12/2024,FEL_RCP429,FEL_RCP,El tipo de documento es igual a Extranjero y el valor ingresado no cumple con el formato siguiente: - Tener una longitud entre 3 y 18 caracteres - Puede contener letras de la A a la Z (mayúsculas) y dígitos (0-9) - No debe contener espacios,Error. El Id del Transportista tipo Extranjero no cumple con el formato establecido.
0.3.0,02/12/2024,FEL_RCP430,FEL_RCP,El valor ingresado en la Placa no existe en la base de datos de vehículos en la SAT.,Error. La Placa ingresada no existe en la base de datos de la SAT.
0.3.0,02/12/2024,FEL_RCP431,FEL_RCP,El valor ingresado en la Placa existe en la base de datos de vehículos en la SAT sin embargo se encuentra con estatus Inactivo.,Error. La Placa ingresada se encuentra con estado Inactivo.
0.3.0,02/12/2024,FEL_RCP432,FEL_RCP,"El Tipo de DTE es RANT incluye el tipo de frase 9 y los códigos de escenario son diferentes de 9, 10 y 14.",Error. El código de escenario no corresponde para el tipo de DTE.
0.3.0,02/12/2024,FEL_RCP433,FEL_RCP,"El Tipo de DTE es RANT y la casilla tipo personería contiene uno de los valores siguientes: 715, 716,718, 719, 720, 721, 723, 724, 725. 726, 727, 728, 729, 730, 731, 732, 733, 734, 735, 736, 737, 738, 739, 740, 2635, 2719, 2744.",Error. El contribuyente con el Tipo de personería XXX no puede emitir el tipo de DTE RANT.
0.3.0,02/12/2024,FEL_RCP434,FEL_RCP,Se incluye la casilla “TipoDTEReferenciado” y el contenido de la casilla es diferente de FYDUCA.,Error. El tipo de DTE referenciado no existe.
0.3.0,02/12/2024,FEL_RCP435,FEL_RCP,El contenido de la casilla es diferente de “S” y el Tipo de Documento que se está emitiendo es RANT.,Error. El tipo de DTE únicamente puede facturar servicios.
0.3.0,02/12/2024,FEL_RCP436,FEL_RCP,El contenido de la casilla es CF y los tipos de DTE son NEV y RANT.,Error. El Id Receptor no puede ser CF para los tipos de DTE NEV o RANT.
0.3.0,02/12/2024,FEL_RCP437,FEL_RCP,Se incluye el complemento pero no se incluye la casilla TipoFormaPago o Numero Transacción,Error. La casilla es de carácter obligatorio.
0.3.0,02/12/2024,FEL_RCP438,FEL_RCP,Se incluye la casilla sin embargo uno de los valores no se encuentra en el catalogo correspondiente.,Error. No existe el valor en el catalogo correspondiente.
0.3.0,02/12/2024,FEL_RCP439,FEL_RCP,La fecha transacción es menor a la fecha de emisión del DTE.,Error. La Fecha de Transacción no puede ser menor a la fecha de emisión del DTE.
0.3.0,02/12/2024,FEL_RCP440,FEL_RCP,La casilla es diferente a la sumatoria de todas las casillas Monto del complemento Medios de Pago y esta es diferente del Gran Total del DTE.,Error. La sumatoria de la casilla Monto del complemento Medios de Pago no puede ser diferente al Gran Total del DTE.
0.3.0,02/12/2024,FEL_RCP442,FEL_RCP,"No se incluye la casilla “Régimen antiguo”, el contenido de la presente casilla coincide con un DTE registrado y vigente en la SAT, pero el valor de la casilla “Tipo de DTE” del documento origen es diferente de: ""FACT"", ""FCAM"",""FESP""",Error. El número de Autorización del Documento Origen corresponde a un documento diferente a factura.
0.3.0,02/12/2024,FEL_RCP443,FEL_RCP,El tipo de DTE es FACT incluye la marca de exportación y hace referencia a un tipo de DTE FACP y excede los 20 días hábiles.,Error. Excede el tiempo para la emisión de la Factura Definitiva.
0.3.0,02/12/2024,FEL_RCP444,FEL_RCP,El DTE es FACP y el NIT emisor no figura dentro del padrón de exportadores proveído por la Intendencia de Aduanas.,Error. El NIT del emisor no está autorizado para poder emitir el tipo de DTE FACP.
0.3.0,02/12/2024,FEL_RCP445,FEL_RCP,El Tipo de DTE es FACP incluye el tipo de frase 9 y el código de escenario es diferente de 11.,Error. El código de escenario no corresponde para el tipo de DTE.
0.3.0,02/12/2024,FEL_RCP446,FEL_RCP,El contenido de la casilla no coincide con UUID registrado en SAT.,Error. El número de autorización es inválido.
0.3.0,02/12/2024,FEL_RCP447,FEL_RCP,El contenido de la casilla pertenece a un DTE diferente de FACP.,Error. El tipo de DTE no puede ser referenciado.
0.3.0,02/12/2024,FEL_RCP448,FEL_RCP, El contenido de la casilla no coincide con UUID vigente.,Error. La factura provisional se encuentra anulada.
0.3.0,02/12/2024,FEL_RCP449,FEL_RCP,El contenido de la casilla no coincide con Receptor registrada del documento origen registrado en SAT,Error. El receptor del documento origen no es la misma a la del documento de exportación.
0.3.0,02/12/2024,FEL_RCP450,FEL_RCP,El valor de la casilla Tipo de DTE es “CAIS” y el NIT emisor se encuentra dentro del catálogo de contribuyentes no autorizados. (Se restringirá la emisión de CAIS únicamente para los emisores que se encuentren en el catálogo proporcionado.),El NIT emisor no está autorizado para emitir Constancias de Adquisición de Insumos y Servicios.
0.3.0,02/12/2024,FEL_RCP452,FEL_RCP,"El valor de la casilla Tipo de DTE es “CAIS” y el NIT Emisor no tiene vigente la característica especial: “DECRETO 29-89” *La SAT comparte con cada Certificador de DTE, la característica especial de sus acreditados","Error. El NIT Emisor debe contar con la característica especial “DECRETO 29-89”, para el Tipo de DTE “CAIS”."
0.3.0,02/12/2024,FEL_RCP453,FEL_RCP,El número de autorización ingresado corresponde a un DTE el cual no incluye la frase Tipo 4 codigo escenario 11 y el tipo de DTE a emitir es CAIS.,Error. El número de Autorización corresponde a un Documento Origen que no contiene la frase “No afecta al IVA (Decreto 29-89 Ley de Maquila)”
0.3.0,02/12/2024,FEL_RCP454,FEL_RCP,El contenido de la casilla no coincide con la moneda registrada del documento origen registrado en SAT.,Error. La moneda del documento origen no es la misma a la del documento de exportación.
0.3.0,02/12/2024,FEL_RCP459,FEL_RCP,El NIT Emisor no cuenta con una afiliación al IVA con estado Activo para la fecha de emisión del DTE.,Error. El NIT del emisor no cuenta con afiliación al IVA con estado Activo.
0.3.0,02/12/2024,FEL_RCP460,FEL_RCP,"El tipo de DTE contiene uno de los códigos: “CIVA” o “CAIS”, “RECI”, “FESP” y el código de establecimiento, corresponde a un establecimiento de clasificación y tipo que no tiene permitido el tipo de DTE, según la tabla 2.2.3.1 
*Para el tipo de DTE “RECI” Si los contribuyentes no están dentro de los permitidos por código y tipo de establecimiento, pero si cuentan con el tipo de personería indicado en 2.5.2 “Tipos de personería” podrán realizar la emisión.",Error. La clasificación o tipo del establecimiento no le permite el tipo de DTE.
0.3.0,02/12/2024,FEL_RCP463,FEL_RCP,"Se incluye la casilla, el tipo de DTE es “CIVA”, pero la casilla no contiene valor o es mayor al monto total de IVA del DTE registrado en la SAT, al cual se hace referencia según la casilla “Número autorización del documento origen”. Nota: Se debe aplicar la tolerancia de más o menos un decimal, según el anexo “Tolerancia en el cálculo de las casillas numéricas”",Error. El monto exento de IVA no puede ser vacío o mayor al total de IVA del documento origen.
0.3.0,02/12/2024,FEL_RCP465,FEL_RCP, El número de autorización del documento origen cuenta con una constancia CIVA o CAIS con estado vigente,No es permitido emitir derivado que el DTE referenciado cuenta con una constancia con estatus vigente.
0.3.0,02/12/2024,FEL_RCP473,FEL_RCP,"Se incluye la frase de tipo 8 “Frases de exento de ISR” y código de escenario 1 “Exenciones generales universidades”; y: El “Tipo de DTE” es distinto de estos: “FACT”, “FCAM”, “RECI”, “RDON” ó el “Régimen” es distinto de “GEN”; y: El “Tipo de personería” del emisor es distinta de: 740 o 2744","Error. El Código de Escenario 1 para el Tipo “Frases de exento del ISR” no corresponde para: el tipo de DTE, el Régimen del IVA o la Personería."
0.3.0,02/12/2024,FEL_RCP484,FEL_RCP,El tipo de DTE es diferente de FACT o FCAM y el tipo de frase es 4 y el código de escenario es 36.,El código de escenario no corresponde para el tipo de DTE.
0.3.0,02/12/2024,FEL_RCP485,FEL_RCP,Se envía un DTE de tipo RANT y no corresponde el establecimiento para la actividad comercial según la tabla 2.2.3.2 o la actividad económica del establecimiento según la tabla 2.2.3.4.,El DTE no corresponde para la actividad económica o comercial del establecimiento.
0.3.0,02/12/2024,FEL_RCP487,FEL_RCP,El tipo de DTE es diferente de RANT y está presente en el XML más de una vez el mismo tipo de frase.,El tipo de frase y escenario solo pueden incluirse una vez en el XML.
0.3.0,02/12/2024,FEL_RCP489,FEL_RCP,La Marca Exp=SI está presente el tipo de DTE es igual a FPEC o FCPC el tipo de frase es 11 y el código de escenario es diferente de 3; o la Marca Exp=SI está presente el tipo de DTE es igual a FPEC o FCPC se encuentra la casilla ClasificaciónEmisor=’Intermediario’ el tipo de frase es 11 y el código de escenario es diferente de 3.,El código de escenario no corresponde para la exportación del Régimen Pecuario.
0.3.0,02/12/2024,FEL_RCP490,FEL_RCP,La Marca Exp=SI está presente el tipo de DTE es igual a FPEC o FCPC el tipo de frase es 11 y el código de escenario es igual a 3 y la forma de cálculo (Régimen Pecuario Exportador y forma de  pago del impuesto del 2% sobre las ventas brutas) no corresponde a la registrada en RTU.,El código de escenario no corresponde a la forma de cálculo registrada en RTU.
0.3.0,02/12/2024,FEL_RCP491,FEL_RCP,La Marca Exp=SI está presente el tipo de DTE es igual a FARP o FCRP el tipo de frase es 10 y el código de escenario es diferente de 2.,El código de escenario no corresponde para la exportación del Régimen Primario
0.3.0,02/12/2024,FEL_RCP492,FEL_RCP,La Marca Exp=SI está presente el tipo de DTE es igual a FARP o FCRP el tipo de frase es 10 y el código de escenario es igual a 2 y forma de cálculo (Régimen Primario Exportador y forma de pago del impuesto es el 2% sobre las ventas brutas.) no corresponde a la registrada en RTU.,El código de escenario no corresponde a la forma de cálculo registrada en RTU.
0.3.0,02/12/2024,FEL_RCP493,FEL_RCP,No está presenta la marca Exp=SI el tipo de DTE es FPEC o FCPC en la casilla ClasificaciónEmisor=’Intermediario’ el tipo de frase es 11 y el código de escenario es diferente de 2.,El código de escenario no corresponde para la Exportación del Régimen Pecuario.
0.3.0,02/12/2024,FEL_RCP494,FEL_RCP,"Su única clasificación es 1674 y no incluye la marca de exportación, el tipo de DTE es igual a FPEC o FCPC se encuentra la casilla ClasificaciónEmisor=’Intermediario’ el tipo de frase es 11 y el código de escenario es igual a 2 y la forma de cálculo (Régimen Pecuario y forma de pago del impuesto es el 10% sobre las utilidades); o la marca Exp=SI está presente, se encuentra la casilla ClasificaciónEmisor=’Intermediario’, el tipo de frase es 11 y el código de escenario es igual a 3 y la forma de cálculo (Régimen Pecuario y forma de pago del impuesto es el 2% sobre las ventas brutas), no corresponde a la registrada en RTU.",El código de escenario no corresponde a la forma de cálculo registrada en RTU.
0.3.0,02/12/2024,FEL_RCP495,FEL_RCP,No está presente la marca Exp=SI y no está presente la Casilla ClasificacionEmisor y el tipo de frase 11 código de escenario 1 no está presente para los DTE FPEC Y FCPC.,Error. El código de escenario no corresponde para la exportación del Régimen Pecuario.
0.3.0,02/12/2024,FEL_RCP496,FEL_RCP,No está presente la marca Exp=SI y no está presente la Casilla ClasificacionEmisor y el tipo de frase 10 codigo de escenario 1 no está presente para los DTE FARP Y FCRP.,Error. El código de escenario no corresponde para la exportación del Régimen Primario.Se envía un DTE que no corresponde según el establecimiento.
0.3.0,02/12/2024,FEL_RCP497,FEL_RCP,Se envía un DTE que no corresponde según el establecimiento.,Error. El DTE no corresponde para el régimen del establecimiento.
0.3.0,02/12/2024,FEL_RCP498,FEL_RCP,El tipo de DTE es FEPE y el ID Receptor es un NIT de organización empresa.,Error. El ID Receptor no puede ser Jurídica.
0.3.0,02/12/2024,FEL_RCP499,FEL_RCP,"Se incluye la casilla “DestinodelaVenta” el tipo de documento es distinto de FARP o FRCP, y el valor de la casilla es diferente de: 1.Supermercados 2.Mercados cantonales 3.Mercados municipales 4.Centros de acopio 5.Exportación 6.Restaurantes 7. Comercializador O se incluye la casilla “DestinodelaVenta” el tipo de documento es distinto de FPEC o FCPC, y el valor de la casilla es diferente de: 1.Supermercados 2.Mercados cantonales 3.Mercados municipales 4.Centros de acopio 5.Exportación en pie 6.Restaurantes 7. Crianza 8. Engorde 9. Desarrollo 10. Producción 11. Faenado 12.Sacrificio 13.Transformación 14. Comercializador 15. Intermediarios de productos bovinos",Error. El destino de la venta no es correcto para el tipo de documento.
0.3.0,02/12/2024,FEL_RCP535,FEL_RCP,Se valida que el contenido de las casillas total no sea mayor o igual al monto indicado cuando se emiten documentos con receptor CF.,Error. El monto total en Q del documento excede el límite permitido para CF.
0.3.0,02/12/2024,FEL_RCP9,FEL_RCP,"el tipo de DTE es diferente de los permitidos según la matriz 2.5.1.1, la casilla afiliaciónIVA contiene valor “OMI”, se encuentra activo en el MiniRTU y cuenta con estado Inactivo por suspensión del artículo 120; si el campo afiliaciónOmiso contiene valor “GEN” , o si el campo afiliaciónOmiso contiene valor “PEQ”  y la casilla contiene un Régimen del IVA al cual NO se le permite emitir el Tipo de DTE según la matriz “Tipos de DTE por cada afiliación del IVA” (2.5.1).",Error. El Tipo de DTE no aplica para esta afiliación del IVA.
0.3.0,02/12/2024,FEL_SEC500,FEL_SEC,El contenido de la casilla es diferente del resultado de la siguiente operación: casilla Precio menos la casilla descuento y el resultado de ambas dividido entre el factor 1.12; cuando la casilla Código de la Unidad Gravable es igual a 1.,Error. Monto Gravable calculado incorrectamente para el IVA
0.3.0,02/12/2024,FEL_SEC502,FEL_SEC,La casilla está presente en el XML.,Cantidad de Unidades Gravables no debe estar presente para IVA.
0.3.0,02/12/2024,FEL_SEC503,FEL_SEC,La casilla está presente en el XML.,Monto Gravable no debe estar presente para Petróleo.
0.3.0,02/12/2024,FEL_SEC506,FEL_SEC,"Si el tipo de cambio consignado en el XML es GTQ y el contenido de esta casilla es diferente al producto (multiplicación) de las dos casillas siguientes: Tasa específica en Q del Código de la unidad gravable por la Cantidad de Unidades Gravables. Ó, Si el tipo de cambio consignado en el XML es diferente de GTQ y el contenido de esta casilla es diferente de: El valor de la Tasa específica en Q del Código de la unidad gravable dividido entre el tipo de cambio del Banco de Guatemala en la fecha de emisión del DTE y el resultado multiplicarlo por la casilla Cantidad de Unidades Gravables.",Monto del Impuesto calculado incorrectamente para Petróleo.
0.3.0,02/12/2024,FEL_SEC508,FEL_SEC,El contenido de la casilla no existe en el catálogo.,Código de Unidad Gravable no existe en el catálogo para Turismo Hospedaje.
0.3.0,02/12/2024,FEL_SEC509,FEL_SEC,La casilla está presente en el XML.,Cantidad de Unidades Gravables no debe estar presente para Turismo Hospedaje.
0.3.0,02/12/2024,FEL_SEC511,FEL_SEC,La casilla está presente en el XML.,Monto Gravable no debe estar presente para Turismo Pasajes.
0.3.0,02/12/2024,FEL_SEC512,FEL_SEC,El contenido de la casilla no existe en el catálogo de unidades gravables.,Código de Unidad Gravable no existe en el catálogo de Turismo Pasajes.
0.3.0,02/12/2024,FEL_SEC513,FEL_SEC,La casilla no está presente en el XML,Cantidad de Unidades Gravables debe existir para Turismo Pasajes.
0.3.0,02/12/2024,FEL_SEC515,FEL_SEC,El contenido de la casilla no existe en el catálogo.,Código de Unidad Gravable no existe en el catálogo para Timbre de Prensa.
0.3.0,02/12/2024,FEL_SEC518,FEL_SEC,"El contenido de la casilla es diferente del resultado de la siguiente operación: casilla Precio menos la casilla descuento y el resultado de ambas dividido entre el factor 1.12; cuando la casilla Código de la Unidad Gravable correspondiente al impuesto IVA es igual a 1. Ó, El contenido de la casilla es diferente del resultado de la siguiente operación: casilla Precio menos la casilla descuento; cuando la casilla Código de la Unidad Gravable correspondiente al impuesto IVA es igual a 2.",Monto Gravable calculado incorrectamente para Bomberos.
0.3.0,02/12/2024,FEL_SEC519,FEL_SEC,El contenido de la casilla no existe en el catálogo.,Código de Unidad Gravable no existe en el catálogo para Bomberos.
0.3.0,02/12/2024,FEL_SEC523,FEL_SEC,El contenido de la casilla no existe en el catálogo.,Código de Unidad Gravable no existe en el catálogo para Tasa Municipal.
0.3.0,02/12/2024,FEL_SEC533,FEL_SEC,Si el tipo de cambio consignado en el XML es diferente de GTQ y el contenido de esta casilla es diferente de: El valor de la Tasa específica en Q del Código de la unidad gravable dividido entre el tipo de cambio del Banco de Guatemala en la fecha de emisión del DTE y el resultado multiplicarlo por la casilla Cantidad de Unidades Gravables.,Monto del Impuesto calculado incorrectamente para Petróleo.
0.3.0,02/12/2024,FEL_SEC535,FEL_SEC,Se valida que el contenido de las casillas total no sea mayor o igual al monto indicado cuando se emiten documentos con receptor CF.,Error. El monto total en Q del documento excede el límite permitido para CF.
