code,value
00,Otro (Para extranjeros)
01,AHUACHAPÁN
02,APANECA
03,ATIQUIZAYA
04,CONCEPCIÓN DE ATACO
05,EL REFUGIO
06,GUAYMANGO
07,JUJUTLA
08,SAN FRANCISCO MENÉNDEZ
09,SAN LORENZO
10,SAN PEDRO PUXTLA
11,TACUBA
12,TURÍN
01,CANDELARIA DE LA FRONTERA
02,COATEPEQUE
03,CHALCHUAPA
04,EL CONGO
05,EL PORVENIR
06,MASAHUAT
07,METAPÁN
08,SAN ANTONIO PAJONAL
09,SAN SEBASTIÁN SALITRILLO
10,SANTA ANA
11,STA ROSA GUACHI
12,STGO D LA FRONT
13,TEXISTEPEQUE
01,ACAJUTLA
02,ARMENIA
03,CALUCO
04,CUISNAHUAT
05,STA I ISHUATAN
06,IZALCO
07,JUAYÚA
08,NAHUIZALCO
09,NAHULINGO
10,SALCOATITÁN
11,SAN ANTONIO DEL MONTE
12,SAN JULIÁN
13,STA C MASAHUAT
14,SANTO DOMINGO GUZMÁN
15,SONSONATE
16,SONZACATE
01,AGUA CALIENTE
02,ARCATAO
03,AZACUALPA
04,CITALÁ
05,COMALAPA
06,CONCEPCIÓN QUEZALTEPEQUE
07,CHALATENANGO
08,DULCE NOM MARÍA
09,EL CARRIZAL
10,EL PARAÍSO
11,LA LAGUNA
12,LA PALMA
13,LA REINA
14,LAS VUELTAS
15,NOMBRE DE JESUS
16,NVA CONCEPCIÓN
17,NUEVA TRINIDAD
18,OJOS DE AGUA
19,POTONICO
20,SAN ANT LA CRUZ
21,SAN ANT RANCHOS
22,SAN FERNANDO
23,SAN FRANCISCO LEMPA
24,SAN FRANCISCO MORAZÁN
25,SAN IGNACIO
26,SAN I LABRADOR
27,SAN J CANCASQUE
28,SAN JOSE FLORES
29,SAN LUIS CARMEN
30,SN MIG MERCEDES
31,SAN RAFAEL
32,SANTA RITA
33,TEJUTLA
01,ANTGO CUSCATLÁN
02,CIUDAD ARCE
03,COLON
04,COMASAGUA
05,CHILTIUPAN
06,HUIZÚCAR
07,JAYAQUE
08,JICALAPA
09,LA LIBERTAD
10,NUEVO CUSCATLÁN
11,SANTA TECLA
12,QUEZALTEPEQUE
13,SACACOYO
14,SN J VILLANUEVA
15,SAN JUAN OPICO
16,SAN MATÍAS
17,SAN P TACACHICO
18,TAMANIQUE
19,TALNIQUE
20,TEOTEPEQUE
21,TEPECOYO
22,ZARAGOZA
01,AGUILARES
02,APOPA
03,AYUTUXTEPEQUE
04,CUSCATANCINGO
05,EL PAISNAL
06,GUAZAPA
07,ILOPANGO
08,MEJICANOS
09,NEJAPA
10,PANCHIMALCO
11,ROSARIO DE MORA
12,SAN MARCOS
13,SAN MARTIN
14,SAN SALVADOR
15,STG TEXACUANGOS
16,SANTO TOMAS
17,SOYAPANGO
18,TONACATEPEQUE
19,CIUDAD DELGADO
01,CANDELARIA
02,COJUTEPEQUE
03,EL CARMEN
04,EL ROSARIO
05,MONTE SAN JUAN
06,ORAT CONCEPCIÓN
07,SAN B PERULAPIA
08,SAN CRISTÓBAL
09,SAN J GUAYABAL
10,SAN P PERULAPÁN
11,SAN RAF CEDROS
12,SAN RAMON
13,STA C ANALQUITO
14,STA C MICHAPA
15,SUCHITOTO
16,TENANCINGO
01,CUYULTITÁN
02,EL ROSARIO
03,JERUSALÉN
04,MERCED LA CEIBA
05,OLOCUILTA
06,PARAÍSO OSORIO
07,SN ANT MASAHUAT
08,SAN EMIGDIO
09,SN FCO CHINAMEC
10,SAN J NONUALCO
11,SAN JUAN TALPA
12,SAN JUAN TEPEZONTES
13,SAN LUIS TALPA
14,SAN MIGUEL TEPEZONTES
15,SAN PEDRO MASAHUAT
16,SAN PEDRO NONUALCO
17,SAN R OBRAJUELO
18,STA MA OSTUMA
19,STGO NONUALCO
20,TAPALHUACA
21,ZACATECOLUCA
22,SN LUIS LA HERR
01,CINQUERA
02,GUACOTECTI
03,ILOBASCO
04,JUTIAPA
05,SAN ISIDRO
06,SENSUNTEPEQUE
07,TEJUTEPEQUE
08,VICTORIA
09,DOLORES
01,APASTEPEQUE
02,GUADALUPE
03,SAN CAY ISTEPEQ
04,SANTA CLARA
05,SANTO DOMINGO
06,SN EST CATARINA
07,SAN ILDEFONSO
08,SAN LORENZO
09,SAN SEBASTIÁN
10,SAN VICENTE
11,TECOLUCA
12,TEPETITÁN
13,VERAPAZ
01,ALEGRÍA
02,BERLÍN
03,CALIFORNIA
04,CONCEP BATRES
05,EL TRIUNFO
06,EREGUAYQUÍN
07,ESTANZUELAS
08,JIQUILISCO
09,JUCUAPA
10,JUCUARÁN
11,MERCEDES UMAÑA
12,NUEVA GRANADA
13,OZATLÁN
14,PTO EL TRIUNFO
15,SAN AGUSTÍN
16,SN BUENAVENTURA
17,SAN DIONISIO
18,SANTA ELENA
19,SAN FCO JAVIER
20,SANTA MARÍA
21,STGO DE MARÍA
22,TECAPÁN
23,USULUTÁN
01,CAROLINA
02,CIUDAD BARRIOS
03,COMACARÁN
04,CHAPELTIQUE
05,CHINAMECA
06,CHIRILAGUA
07,EL TRANSITO
08,LOLOTIQUE
09,MONCAGUA
10,NUEVA GUADALUPE
11,NVO EDÉN S JUAN
12,QUELEPA
13,SAN ANT D MOSCO
14,SAN GERARDO
15,SAN JORGE
16,SAN LUIS REINA
17,SAN MIGUEL
18,SAN RAF ORIENTE
19,SESORI
20,ULUAZAPA
01,ARAMBALA
02,CACAOPERA
03,CORINTO
04,CHILANGA
05,DELIC DE CONCEP
06,EL DIVISADERO
07,EL ROSARIO
08,GUALOCOCTI
09,GUATAJIAGUA
10,JOATECA
11,JOCOAITIQUE
12,JOCORO
13,LOLOTIQUILLO
14,MEANGUERA
15,OSICALA
16,PERQUÍN
17,SAN CARLOS
18,SAN FERNANDO
19,SAN FCO GOTERA
20,SAN ISIDRO
21,SAN SIMÓN
22,SENSEMBRA
23,SOCIEDAD
24,TOROLA
25,YAMABAL
26,YOLOAIQUÍN
01,ANAMOROS
02,BOLÍVAR
03,CONCEP DE OTE
04,CONCHAGUA
05,EL CARMEN
06,EL SAUCE
07,INTIPUCÁ
08,LA UNIÓN
09,LISLIQUE
10,MEANG DEL GOLFO
11,NUEVA ESPARTA
12,PASAQUINA
13,POLORÓS
14,SAN ALEJO
15,SAN JOSE
16,SANTA ROSA LIMA
17,YAYANTIQUE
18,YUCUAIQUÍN
